-- Jane Doe - jd1234
-------------------- Drop Sequence/Tables section 
DROP SEQUENCE Rider_ID_Seq;
DROP SEQUENCE Discount_ID_Seq;
DROP SEQUENCE Payment_ID_Seq;
DROP SEQUENCE Vehicle_ID_Seq;
DROP SEQUENCE Driver_ID_Seq;
DROP SEQUENCE Bank_Account_ID_Seq;
DROP SEQUENCE Ride_ID_Seq;

Drop table Ride; 
Drop table Vehicle_Driver_Linking;
Drop table Bank_Account;
Drop table Driver;
Drop table Vehicle;
Drop table Rider_Payment;
Drop table Discounts;
Drop table Rider;

 
-- Jane Doe - jd1234
-------------------- Create SEQUENCE section  
CREATE SEQUENCE Rider_ID_Seq    START WITH 3000074;
CREATE SEQUENCE Discount_ID_Seq START WITH 2;
CREATE SEQUENCE vehicle_id_Seq  START WITH 40;
CREATE SEQUENCE Payment_ID_Seq  START WITH 85;
CREATE SEQUENCE Driver_ID_Seq   START WITH 100035;
CREATE SEQUENCE Bank_Account_ID_Seq;
CREATE SEQUENCE Ride_ID_Seq     START WITH 4;




-------------------- Create TABLE section 
CREATE TABLE Rider
(
    Rider_ID                NUMBER          default Rider_ID_Seq.NEXTVAL PRIMARY KEY  ,
    First_Name              VARCHAR(30)     NOT NULL,
    Last_Name               VARCHAR(30)     NOT NULL,
    Email                   VARCHAR(40)     NOT NULL,
    Phone                   CHAR(12)        NOT NULL,
    Address                 VARCHAR(40)     NOT NULL,
    City                    VARCHAR(30)     NOT NULL,
    Zip                     CHAR(5)         NOT NULL,
    CONSTRAINT Rider_Email_Unique UNIQUE  (Email),
    CONSTRAINT Rider_Email_Length_Check CHECK (LENGTH(Email) >= 7)
);


CREATE TABLE Discounts
(
    Discount_ID             NUMBER          DEFAULT Discount_ID_Seq.NEXTVAL PRIMARY KEY,
    Rider_ID                NUMBER          NOT NULL references RIDER(rider_id),
    Discount_Type           VARCHAR(20)     NOT NULL,
    Discount_Percent        NUMBER          NOT NULL,
    Used_Flag               CHAR(1)         DEFAULT 'N' NOT NULL,
    Expiration_Date         DATE            DEFAULT SYSDATE + 30 NOT NULL,
    CONSTRAINT Discounts_Used_Flag_Check CHECK (Used_Flag='Y' OR Used_Flag='N')
);


CREATE TABLE Rider_Payment (
  Payment_ID            NUMBER  DEFAULT Payment_ID_Seq.NEXTVAL PRIMARY KEY,
  Rider_ID              NUMBER  REFERENCES Rider(Rider_ID),
  Cardholder_First_Name VARCHAR(50),
  Cardholder_Mid_Name   VARCHAR(50),
  Cardholder_Last_Name  VARCHAR(50),
  CardType              CHAR(4),
  CardNumber            CHAR(16),
  Expiration_Date       DATE,
  CC_ID                 CHAR(3),
  Billing_Address       VARCHAR(50),
  Billing_City          VARCHAR(50),
  Billing_State         CHAR(2),
  Billing_Zip           CHAR(5),
  Primary_Card_Flag     CHAR(1)
);


CREATE TABLE Vehicle
(
    Vehicle_ID              NUMBER          DEFAULT Vehicle_ID_Seq.NEXTVAL PRIMARY KEY,
    Year                    NUMBER(4)       NOT NULL,
    Make                    VARCHAR(30)     NOT NULL,
    Model                   VARCHAR(50)     NOT NULL,
    Color                   VARCHAR(30)     NOT NULL,
    VIN                     CHAR(17)        NOT NULL,
    Plate_Num               CHAR(7)     NOT NULL,
    Insurance_Company       CHAR(5)     NOT NULL,
    Insurance_Policy_Num    VARCHAR(20)     NOT NULL,
    Inspection_Exp_Date     DATE            NOT NULL,
    CONSTRAINT Vehicle_Plate_Num_Unique UNIQUE (Plate_Num),
    CONSTRAINT Vehicle_VIN_Unique UNIQUE (VIN)
);


CREATE TABLE Driver
(
    Driver_ID                   NUMBER          DEFAULT Driver_ID_Seq.NEXTVAL PRIMARY KEY,
    First_Name                  VARCHAR(30)     NOT NULL,
    Last_Name                   VARCHAR(30)     NOT NULL,
    Address                     VARCHAR(50)     NOT NULL,
    City                        VARCHAR(30)     NOT NULL,
    State                       CHAR(2)         NOT NULL,
    Zip                         CHAR(5)         NOT NULL,
    Phone                       CHAR(12)        NOT NULL,
    Email                       VARCHAR(50)     NOT NULL,
    DOB                         DATE            NOT NULL,
    Drivers_License_Num         CHAR(8)         NOT NULL,
    Rides_Given                 NUMBER          DEFAULT 0 NOT NULL,
    CONSTRAINT Driver_Email_Unique UNIQUE (Email),
    CONSTRAINT Driver_Drivers_License_Num_Unique UNIQUE (Drivers_License_Num),
    CONSTRAINT Driver_Email_Length_Check CHECK (LENGTH(Email) >= 7)
);

 
CREATE TABLE Bank_Account
(
    Bank_Account_ID         NUMBER          DEFAULT Bank_Account_ID_Seq.NEXTVAL PRIMARY KEY,
    Driver_ID               NUMBER          NOT NULL REFERENCES DRIVER(DRIVER_ID),
    Routing_Number          CHAR(9)         NOT NULL,
    Account_Number          VARCHAR(20)     NOT NULL,
    CONSTRAINT Bank_Account_Driver_ID_Unique UNIQUE (Driver_ID)
);


CREATE TABLE Vehicle_Driver_Linking
(
    Driver_ID               NUMBER          NOT NULL references DRIVER(Driver_ID),
    Vehicle_ID              NUMBER          NOT NULL references VEHICLE(Vehicle_ID),
    Active_Vehicle_Flag     CHAR(1)         NOT NULL,
    CONSTRAINT Vehicle_Driver_Linking_Pk PRIMARY KEY (Driver_ID, Vehicle_ID),
    CONSTRAINT V_D_Linking_Active_Vehicle_Check CHECK (Active_Vehicle_Flag in ('Y','N')) 
);

 


CREATE TABLE Ride
(
    Ride_ID             NUMBER       DEFAULT Ride_ID_Seq.NEXTVAL PRIMARY KEY,
    Driver_ID           NUMBER       NOT NULL REFERENCES DRIVER(DRIVER_ID),
    Rider_ID            NUMBER       NOT NULL REFERENCES RIDER(RIDER_ID),
    Vehicle_ID          NUMBER       NOT NULL REFERENCES VEHICLE(VEHICLE_ID),
    Pickup_Address      VARCHAR(50)  NOT NULL,
    Dropoff_Address     VARCHAR(50)  NOT NULL,
    Request_Datetime    DATE         DEFAULT SYSDATE NOT NULL,
    Start_Datetime      DATE,
    End_Datetime        DATE,
    Initial_Fare        NUMBER(5,2),
    Discount_Amount     NUMBER(5,2),
    Final_Fare          NUMBER(5,2),
    Rating              NUMBER(1),
--    CONSTRAINT Ride_Start_End_Check CHECK (Start_Datetime < End_Datetime),
    CONSTRAINT Ride_Final_Fare_Check CHECK (Final_Fare = Initial_Fare - Discount_Amount)
);


-- Jane Doe - jd1234
-------------------- INSERT DATA section
Insert into RIDER (RIDER_ID,FIRST_NAME,LAST_NAME,EMAIL,PHONE,ADDRESS,CITY,ZIP) values (3000001,'Leighton','Breawood','LB752@gmail.com','541-263-2928','7 Welch Junction','Bend','97702');
Insert into RIDER (RIDER_ID,FIRST_NAME,LAST_NAME,EMAIL,PHONE,ADDRESS,CITY,ZIP) values (3000002,'Farrand','Olrenshaw','Farrand.Olrenshaw@bmail.com','544-662-7847','8 Linden Center','Bend','97702');
Insert into RIDER (RIDER_ID,FIRST_NAME,LAST_NAME,EMAIL,PHONE,ADDRESS,CITY,ZIP) values (3000003,'Stewart','Larking','SLarking@gmail.com','450-509-9124','35560 Mayer Park','Bend','97702');
Insert into RIDER (RIDER_ID,FIRST_NAME,LAST_NAME,EMAIL,PHONE,ADDRESS,CITY,ZIP) values (3000004,'Zsa zsa','Chifney','ZChifney@yahoo.com','541-263-2553','0396 Lindbergh Pass','Redmond','97756');
Insert into RIDER (RIDER_ID,FIRST_NAME,LAST_NAME,EMAIL,PHONE,ADDRESS,CITY,ZIP) values (3000005,'Zelma','Reynalds','ZR675@gmail.com','541-263-8765','9691 Longview Street','Bend','97702');
Insert into RIDER (RIDER_ID,FIRST_NAME,LAST_NAME,EMAIL,PHONE,ADDRESS,CITY,ZIP) values (3000006,'Marketa','Scroggie','MarketaS@yahoo.com','615-827-6795','296 Anniversary Terrace','Bend','97701');
Insert into RIDER (RIDER_ID,FIRST_NAME,LAST_NAME,EMAIL,PHONE,ADDRESS,CITY,ZIP) values (3000007,'Guglielma','Knowller','GKnowller@gmail.com','676-555-5757','4 Michigan Pass','Bend','97701');
Insert into RIDER (RIDER_ID,FIRST_NAME,LAST_NAME,EMAIL,PHONE,ADDRESS,CITY,ZIP) values (3000008,'Meggie','Christoffels','MC535@gmail.com','541-263-3029','38 Longview Point','Bend','97701');
Insert into RIDER (RIDER_ID,FIRST_NAME,LAST_NAME,EMAIL,PHONE,ADDRESS,CITY,ZIP) values (3000009,'Lana','Eddison','LEddison@gmail.com','541-263-9515','64 Calypso Pass','Sunriver','97707');
Insert into RIDER (RIDER_ID,FIRST_NAME,LAST_NAME,EMAIL,PHONE,ADDRESS,CITY,ZIP) values (3000010,'Hedda','Slorach','HSlorach@gmail.com','594-819-5046','8817 Briar Crest Place','Bend','97701');
Insert into RIDER (RIDER_ID,FIRST_NAME,LAST_NAME,EMAIL,PHONE,ADDRESS,CITY,ZIP) values (3000011,'Rosalind','Joncic','RJoncic@gmail.com','541-263-2192','89 Lindbergh Point','Bend','97702');
Insert into RIDER (RIDER_ID,FIRST_NAME,LAST_NAME,EMAIL,PHONE,ADDRESS,CITY,ZIP) values (3000012,'Raven','Aspinal','Raven.Aspinal@bmail.com','553-648-3854','45 Gina Parkway','Redmond','97756');
Insert into RIDER (RIDER_ID,FIRST_NAME,LAST_NAME,EMAIL,PHONE,ADDRESS,CITY,ZIP) values (3000013,'Den','Shrubsall','DS619@hotmail.com','412-783-1934','6 Melody Drive','Bend','97701');
Insert into RIDER (RIDER_ID,FIRST_NAME,LAST_NAME,EMAIL,PHONE,ADDRESS,CITY,ZIP) values (3000014,'Oren','Darycott','orenlovescats@yahoo.com','143-498-8226','8 North Parkway','Redmond','97756');
Insert into RIDER (RIDER_ID,FIRST_NAME,LAST_NAME,EMAIL,PHONE,ADDRESS,CITY,ZIP) values (3000015,'Harriot','Deem','HDeem@gmail.com','868-247-5586','39 Arizona Court','Sunriver','97707');
Insert into RIDER (RIDER_ID,FIRST_NAME,LAST_NAME,EMAIL,PHONE,ADDRESS,CITY,ZIP) values (3000016,'Steffen','Eddie','SteffenE@yahoo.com','258-531-4715','14172 Montana Way','Bend','97703');
Insert into RIDER (RIDER_ID,FIRST_NAME,LAST_NAME,EMAIL,PHONE,ADDRESS,CITY,ZIP) values (3000017,'Emilee','Van der Beek','EVanderBeek@gmail.com','811-706-2968','604 Eastwood Pass','Sunriver','97707');
Insert into RIDER (RIDER_ID,FIRST_NAME,LAST_NAME,EMAIL,PHONE,ADDRESS,CITY,ZIP) values (3000018,'Lila','Weightman','WeightmanL1@hotmail.com','603-623-3885','1494 Mcguire Street','Bend','97702');
Insert into RIDER (RIDER_ID,FIRST_NAME,LAST_NAME,EMAIL,PHONE,ADDRESS,CITY,ZIP) values (3000019,'Marlowe','Scheu','Marlowe.Scheu@bmail.com','316-451-2645','35 Gale Hill','Bend','97702');
Insert into RIDER (RIDER_ID,FIRST_NAME,LAST_NAME,EMAIL,PHONE,ADDRESS,CITY,ZIP) values (3000020,'Terrie','Razzell','TR796@hotmail.com','654-363-6124','39831 David Alley','Bend','97702');
Insert into RIDER (RIDER_ID,FIRST_NAME,LAST_NAME,EMAIL,PHONE,ADDRESS,CITY,ZIP) values (3000021,'Charlean','Eckert','CEckert@gmail.com','536-603-7414','4 Browning Lane','Bend','97703');
Insert into RIDER (RIDER_ID,FIRST_NAME,LAST_NAME,EMAIL,PHONE,ADDRESS,CITY,ZIP) values (3000022,'Shirline','Laverock','shirlielou@gmail.com','783-625-7173','6 Cody Terrace','Bend','97701');
Insert into RIDER (RIDER_ID,FIRST_NAME,LAST_NAME,EMAIL,PHONE,ADDRESS,CITY,ZIP) values (3000023,'Veronike','Gallamore','VG816@hotmail.com','660-709-7100','403 Hagan Street','Sunriver','97707');
Insert into RIDER (RIDER_ID,FIRST_NAME,LAST_NAME,EMAIL,PHONE,ADDRESS,CITY,ZIP) values (3000024,'Brigitte','Velten','BrigitteV@yahoo.com','729-655-4925','34 Arrowood Pass','Bend','97703');
Insert into RIDER (RIDER_ID,FIRST_NAME,LAST_NAME,EMAIL,PHONE,ADDRESS,CITY,ZIP) values (3000025,'Blanch','Betchley','gosox99187@yahoo.com','394-710-5408','48 Cordelia Hill','Bend','97702');
Insert into RIDER (RIDER_ID,FIRST_NAME,LAST_NAME,EMAIL,PHONE,ADDRESS,CITY,ZIP) values (3000026,'Jerrie','Frackiewicz','Jerrie.Frackiewicz@bmail.com','542-508-9894','09721 Lerdahl Drive','Bend','97702');
Insert into RIDER (RIDER_ID,FIRST_NAME,LAST_NAME,EMAIL,PHONE,ADDRESS,CITY,ZIP) values (3000027,'Zara','Yoxall','ZYoxall@gmail.com','568-229-9761','22068 Mesta Circle','Bend','97701');
Insert into RIDER (RIDER_ID,FIRST_NAME,LAST_NAME,EMAIL,PHONE,ADDRESS,CITY,ZIP) values (3000028,'Auberta','Stening','AS410@hotmail.com','288-711-3259','7 Red Cloud Circle','Redmond','97756');
Insert into RIDER (RIDER_ID,FIRST_NAME,LAST_NAME,EMAIL,PHONE,ADDRESS,CITY,ZIP) values (3000029,'Laure','Chatin','LC194@yahoo.com','541-263-8273','90 Logan Hill','Sunriver','97707');
Insert into RIDER (RIDER_ID,FIRST_NAME,LAST_NAME,EMAIL,PHONE,ADDRESS,CITY,ZIP) values (3000030,'Omero','Goomes','OGoomes@yahoo.com','541-263-8908','11 Fairfield Terrace','Sunriver','97707');
Insert into RIDER (RIDER_ID,FIRST_NAME,LAST_NAME,EMAIL,PHONE,ADDRESS,CITY,ZIP) values (3000031,'Lisle','Whittier','Lisle.Whittier@bmail.com','519-681-6547','9831 Dexter Circle','Bend','97703');
Insert into RIDER (RIDER_ID,FIRST_NAME,LAST_NAME,EMAIL,PHONE,ADDRESS,CITY,ZIP) values (3000032,'Ediva','Itzkovsky','EdivaI@yahoo.com','340-310-9657','6 Hazelcrest Parkway','Bend','97703');
Insert into RIDER (RIDER_ID,FIRST_NAME,LAST_NAME,EMAIL,PHONE,ADDRESS,CITY,ZIP) values (3000033,'Mikaela','Foukx','MFoukx@gmail.com','798-247-2238','7 Rusk Court','Bend','97703');
Insert into RIDER (RIDER_ID,FIRST_NAME,LAST_NAME,EMAIL,PHONE,ADDRESS,CITY,ZIP) values (3000034,'Nicko','Aizikovitz','Nicko.Aizikovitz@bmail.com','293-692-8736','023 Fair Oaks Point','Bend','97701');
Insert into RIDER (RIDER_ID,FIRST_NAME,LAST_NAME,EMAIL,PHONE,ADDRESS,CITY,ZIP) values (3000035,'Kary','Klimkowski','hookemfan192@hyper.net','144-402-5732','14 Bluejay Crossing','Bend','97702');
Insert into RIDER (RIDER_ID,FIRST_NAME,LAST_NAME,EMAIL,PHONE,ADDRESS,CITY,ZIP) values (3000036,'Megan','Rotlauf','MRotlauf@gmail.com','830-131-1258','09756 Bashford Point','Bend','97703');
Insert into RIDER (RIDER_ID,FIRST_NAME,LAST_NAME,EMAIL,PHONE,ADDRESS,CITY,ZIP) values (3000037,'Nanine','Carlyon','NCarlyon@gmail.com','421-840-7968','40 Cherokee Way','Bend','97703');
Insert into RIDER (RIDER_ID,FIRST_NAME,LAST_NAME,EMAIL,PHONE,ADDRESS,CITY,ZIP) values (3000038,'Roda','Devil','RD427@yahoo.com','652-718-7370','47196 Golf Park','Bend','97701');
Insert into RIDER (RIDER_ID,FIRST_NAME,LAST_NAME,EMAIL,PHONE,ADDRESS,CITY,ZIP) values (3000039,'Malory','Buttrum','malbuttrum@mail.net','541-263-1377','34 Hudson Lane','Bend','97702');
Insert into RIDER (RIDER_ID,FIRST_NAME,LAST_NAME,EMAIL,PHONE,ADDRESS,CITY,ZIP) values (3000040,'Malanie','Greenside','MG490@hotmail.com','563-500-7494','1643 Schiller Street','Bend','97702');
Insert into RIDER (RIDER_ID,FIRST_NAME,LAST_NAME,EMAIL,PHONE,ADDRESS,CITY,ZIP) values (3000041,'Ayn','Style','AS932@yahoo.com','689-816-4304','63129 Ridgeway Trail','Bend','97702');
Insert into RIDER (RIDER_ID,FIRST_NAME,LAST_NAME,EMAIL,PHONE,ADDRESS,CITY,ZIP) values (3000042,'Gabe','Grono','GGrono@gmail.com','479-866-6338','1 Washington Alley','Bend','97702');
Insert into RIDER (RIDER_ID,FIRST_NAME,LAST_NAME,EMAIL,PHONE,ADDRESS,CITY,ZIP) values (3000043,'Appolonia','Kilmartin','AK878@gmail.com','300-206-2921','4 Center Plaza','Bend','97703');
Insert into RIDER (RIDER_ID,FIRST_NAME,LAST_NAME,EMAIL,PHONE,ADDRESS,CITY,ZIP) values (3000044,'Linnell','Cranmere','LC697@yahoo.com','541-263-4450','30 Crescent Oaks Terrace','Bend','97701');
Insert into RIDER (RIDER_ID,FIRST_NAME,LAST_NAME,EMAIL,PHONE,ADDRESS,CITY,ZIP) values (3000045,'Hartley','Grassett','Hartley.Grassett@bmail.com','794-823-1995','54 Sommers Park','Bend','97702');
Insert into RIDER (RIDER_ID,FIRST_NAME,LAST_NAME,EMAIL,PHONE,ADDRESS,CITY,ZIP) values (3000046,'Micheil','Ben','MicheilB@yahoo.com','400-759-7366','81 Grasskamp Plaza','Bend','97703');
Insert into RIDER (RIDER_ID,FIRST_NAME,LAST_NAME,EMAIL,PHONE,ADDRESS,CITY,ZIP) values (3000047,'Denys','Siddell','DSiddell@gmail.com','355-806-3217','09960 Esker Road','Bend','97702');
Insert into RIDER (RIDER_ID,FIRST_NAME,LAST_NAME,EMAIL,PHONE,ADDRESS,CITY,ZIP) values (3000048,'Goldina','Dannehl','Goldina.Dannehl@bmail.com','216-662-3737','56 Holmberg Trail','Bend','97703');
Insert into RIDER (RIDER_ID,FIRST_NAME,LAST_NAME,EMAIL,PHONE,ADDRESS,CITY,ZIP) values (3000049,'Teresina','Nelle','TN870@yahoo.com','541-263-5415','480 Pierstorff Way','Bend','97703');
Insert into RIDER (RIDER_ID,FIRST_NAME,LAST_NAME,EMAIL,PHONE,ADDRESS,CITY,ZIP) values (3000050,'Lissie','de Juares','LdeJuares@gmail.com','456-547-9326','77833 Holmberg Drive','Bend','97701');
Insert into RIDER (RIDER_ID,FIRST_NAME,LAST_NAME,EMAIL,PHONE,ADDRESS,CITY,ZIP) values (3000051,'Lazare','Dreamer','LD934@hotmail.com','406-887-6251','319 Holy Cross Hill','Redmond','97756');
Insert into RIDER (RIDER_ID,FIRST_NAME,LAST_NAME,EMAIL,PHONE,ADDRESS,CITY,ZIP) values (3000052,'Pauletta','Jurkowski','Pauletta.Jurkowski@bmail.com','384-805-2064','2 Vera Crossing','Bend','97703');
Insert into RIDER (RIDER_ID,FIRST_NAME,LAST_NAME,EMAIL,PHONE,ADDRESS,CITY,ZIP) values (3000053,'Christi','Dubery','CDubery@gmail.com','419-468-6307','53 Evergreen Pass','Bend','97702');
Insert into RIDER (RIDER_ID,FIRST_NAME,LAST_NAME,EMAIL,PHONE,ADDRESS,CITY,ZIP) values (3000054,'Jamill','Kemm','JKemm@gmail.com','541-263-4329','9 Burrows Avenue','Bend','97701');
Insert into RIDER (RIDER_ID,FIRST_NAME,LAST_NAME,EMAIL,PHONE,ADDRESS,CITY,ZIP) values (3000055,'Jobey','Gowdie','Jobey.Gowdie@bmail.com','498-786-8109','2 La Follette Road','Bend','97701');
Insert into RIDER (RIDER_ID,FIRST_NAME,LAST_NAME,EMAIL,PHONE,ADDRESS,CITY,ZIP) values (3000056,'Thomas','Haslehurst','THaslehurst@gmail.com','541-263-3363','1560 Lake View Avenue','Redmond','97756');
Insert into RIDER (RIDER_ID,FIRST_NAME,LAST_NAME,EMAIL,PHONE,ADDRESS,CITY,ZIP) values (3000057,'Jefferey','Kosiada','JKosiada@yahoo.com','541-263-5955','3 Iowa Street','Sunriver','97707');
Insert into RIDER (RIDER_ID,FIRST_NAME,LAST_NAME,EMAIL,PHONE,ADDRESS,CITY,ZIP) values (3000058,'Phip','Tamplin','PhipT@yahoo.com','761-506-9713','91 Anderson Lane','Bend','97703');
Insert into RIDER (RIDER_ID,FIRST_NAME,LAST_NAME,EMAIL,PHONE,ADDRESS,CITY,ZIP) values (3000059,'Ammamaria','Giannoni','Ammamaria.Giannoni@bmail.com','328-682-1777','3659 Esch Court','Bend','97703');
Insert into RIDER (RIDER_ID,FIRST_NAME,LAST_NAME,EMAIL,PHONE,ADDRESS,CITY,ZIP) values (3000060,'Gard','Duxbury','GDuxbury@gmail.com','227-340-5904','52 Muir Point','Bend','97703');
Insert into RIDER (RIDER_ID,FIRST_NAME,LAST_NAME,EMAIL,PHONE,ADDRESS,CITY,ZIP) values (3000061,'Gabriell','Bosnell','GB303@hotmail.com','288-754-6969','49249 Westend Circle','Bend','97701');
Insert into RIDER (RIDER_ID,FIRST_NAME,LAST_NAME,EMAIL,PHONE,ADDRESS,CITY,ZIP) values (3000062,'Zarah','Lockney','zlock99@hotmail.com','108-321-3682','0 Johnson Pass','Bend','97703');
Insert into RIDER (RIDER_ID,FIRST_NAME,LAST_NAME,EMAIL,PHONE,ADDRESS,CITY,ZIP) values (3000063,'Sue','Stonehouse','stonesthrow@hotmail.com','497-772-5452','294 Dennis Parkway','Sunriver','97707');
Insert into RIDER (RIDER_ID,FIRST_NAME,LAST_NAME,EMAIL,PHONE,ADDRESS,CITY,ZIP) values (3000064,'Garvey','Rearden','Garvey.Rearden@bmail.com','259-616-4835','139 Northport Parkway','Bend','97702');
Insert into RIDER (RIDER_ID,FIRST_NAME,LAST_NAME,EMAIL,PHONE,ADDRESS,CITY,ZIP) values (3000065,'Sidoney','Schellig','SS947@gmail.com','541-263-4967','039 Delladonna Parkway','Bend','97701');
Insert into RIDER (RIDER_ID,FIRST_NAME,LAST_NAME,EMAIL,PHONE,ADDRESS,CITY,ZIP) values (3000066,'Erena','Stansbury','EStansbury@gmail.com','247-619-2082','95062 Continental Circle','Redmond','97756');
Insert into RIDER (RIDER_ID,FIRST_NAME,LAST_NAME,EMAIL,PHONE,ADDRESS,CITY,ZIP) values (3000067,'Bowie','Barrim','BowieB@yahoo.com','256-262-2253','9906 Tomscot Road','Bend','97702');
Insert into RIDER (RIDER_ID,FIRST_NAME,LAST_NAME,EMAIL,PHONE,ADDRESS,CITY,ZIP) values (3000068,'Xenos','Brickdale','Xenos.Brickdale@bmail.com','823-406-6790','86 Sunbrook Way','Bend','97702');
Insert into RIDER (RIDER_ID,FIRST_NAME,LAST_NAME,EMAIL,PHONE,ADDRESS,CITY,ZIP) values (3000069,'Trevar','Rotter','TR394@hotmail.com','259-305-9674','5 Columbus Drive','Bend','97701');
Insert into RIDER (RIDER_ID,FIRST_NAME,LAST_NAME,EMAIL,PHONE,ADDRESS,CITY,ZIP) values (3000070,'Joline','Gloyens','JG966@gmail.com','541-263-5955','6795 Graedel Street','Redmond','97756');
Insert into RIDER (RIDER_ID,FIRST_NAME,LAST_NAME,EMAIL,PHONE,ADDRESS,CITY,ZIP) values (3000071,'Wright','Avard','wrighta1212@hotmail.com','541-263-4146','00839 Kipling Street','Redmond','97756');
Insert into RIDER (RIDER_ID,FIRST_NAME,LAST_NAME,EMAIL,PHONE,ADDRESS,CITY,ZIP) values (3000072,'Roldan','Sircombe','Roldan.Sircombe@bmail.com','696-427-1708','63903 Chive Drive','Bend','97701');
Insert into RIDER (RIDER_ID,FIRST_NAME,LAST_NAME,EMAIL,PHONE,ADDRESS,CITY,ZIP) values (3000073,'Tarra','Vaughton','tarrav99@mail.net','244-307-8888','7 Calypso Parkway','Bend','97703');
Insert into RIDER (RIDER_ID,FIRST_NAME,LAST_NAME,EMAIL,PHONE,ADDRESS,CITY,ZIP) values (3000074,'Manuel','Bellamy','MB441@hotmail.com','297-330-6044','30890 Dottie Pass','Bend','97703');
COMMIT;

--insert to RIDER_PAYMENT
Insert into RIDER_PAYMENT (PAYMENT_ID,RIDER_ID,CARDHOLDER_FIRST_NAME,CARDHOLDER_MID_NAME,CARDHOLDER_LAST_NAME,CARDTYPE,CARDNUMBER,EXPIRATION_DATE,CC_ID,BILLING_ADDRESS,BILLING_CITY,BILLING_STATE,BILLING_ZIP,PRIMARY_CARD_FLAG) values (73,3000073,'Tarra',null,'Vaughton','VISA','4377119154284465',to_date('01-MAY-25','DD-MON-RR hh:mi:ss'),'749','7 Calypso Parkway','Bend','OR','97703','Y');
Insert into RIDER_PAYMENT (PAYMENT_ID,RIDER_ID,CARDHOLDER_FIRST_NAME,CARDHOLDER_MID_NAME,CARDHOLDER_LAST_NAME,CARDTYPE,CARDNUMBER,EXPIRATION_DATE,CC_ID,BILLING_ADDRESS,BILLING_CITY,BILLING_STATE,BILLING_ZIP,PRIMARY_CARD_FLAG) values (74,3000074,'A','Manuel','Bellamy','AMEX','472723296222672 ',to_date('01-MAY-23','DD-MON-RR hh:mi:ss'),'783','30890 Dottie Pass','Bend','OR','97703','N');
Insert into RIDER_PAYMENT (PAYMENT_ID,RIDER_ID,CARDHOLDER_FIRST_NAME,CARDHOLDER_MID_NAME,CARDHOLDER_LAST_NAME,CARDTYPE,CARDNUMBER,EXPIRATION_DATE,CC_ID,BILLING_ADDRESS,BILLING_CITY,BILLING_STATE,BILLING_ZIP,PRIMARY_CARD_FLAG) values (75,3000074,'Alan',null,'Bellamy','AMEX','409849054825916 ',to_date('01-JUN-24','DD-MON-RR hh:mi:ss'),'821','30890 Dottie Pass','Bend','OR','97703','Y');
Insert into RIDER_PAYMENT (PAYMENT_ID,RIDER_ID,CARDHOLDER_FIRST_NAME,CARDHOLDER_MID_NAME,CARDHOLDER_LAST_NAME,CARDTYPE,CARDNUMBER,EXPIRATION_DATE,CC_ID,BILLING_ADDRESS,BILLING_CITY,BILLING_STATE,BILLING_ZIP,PRIMARY_CARD_FLAG) values (76,3000019,'Marlowe',null,'Scheu','AMEX','408764830574647 ',to_date('01-NOV-24','DD-MON-RR hh:mi:ss'),'514','35 Gale Hill','Bend','OR','97702','Y');
Insert into RIDER_PAYMENT (PAYMENT_ID,RIDER_ID,CARDHOLDER_FIRST_NAME,CARDHOLDER_MID_NAME,CARDHOLDER_LAST_NAME,CARDTYPE,CARDNUMBER,EXPIRATION_DATE,CC_ID,BILLING_ADDRESS,BILLING_CITY,BILLING_STATE,BILLING_ZIP,PRIMARY_CARD_FLAG) values (77,3000022,'Shirline',null,'Laverock','MSTR','4513532385387424',to_date('01-JAN-24','DD-MON-RR hh:mi:ss'),'582','6 Cody Terrace','Bend','OR','97701','N');
Insert into RIDER_PAYMENT (PAYMENT_ID,RIDER_ID,CARDHOLDER_FIRST_NAME,CARDHOLDER_MID_NAME,CARDHOLDER_LAST_NAME,CARDTYPE,CARDNUMBER,EXPIRATION_DATE,CC_ID,BILLING_ADDRESS,BILLING_CITY,BILLING_STATE,BILLING_ZIP,PRIMARY_CARD_FLAG) values (78,3000058,'Phip',null,'Tamplin','VISA','4388708795116029',to_date('01-SEP-25','DD-MON-RR hh:mi:ss'),'727','91 Anderson Lane','Bend','OR','97703','Y');
Insert into RIDER_PAYMENT (PAYMENT_ID,RIDER_ID,CARDHOLDER_FIRST_NAME,CARDHOLDER_MID_NAME,CARDHOLDER_LAST_NAME,CARDTYPE,CARDNUMBER,EXPIRATION_DATE,CC_ID,BILLING_ADDRESS,BILLING_CITY,BILLING_STATE,BILLING_ZIP,PRIMARY_CARD_FLAG) values (79,3000040,'F','Malanie','Greenside','VISA','4107552190006637',to_date('01-MAY-24','DD-MON-RR hh:mi:ss'),'382','1643 Schiller Street','Bend','OR','97702','Y');
Insert into RIDER_PAYMENT (PAYMENT_ID,RIDER_ID,CARDHOLDER_FIRST_NAME,CARDHOLDER_MID_NAME,CARDHOLDER_LAST_NAME,CARDTYPE,CARDNUMBER,EXPIRATION_DATE,CC_ID,BILLING_ADDRESS,BILLING_CITY,BILLING_STATE,BILLING_ZIP,PRIMARY_CARD_FLAG) values (80,3000018,'Lila',null,'Weightman','MSTR','4087233256095579',to_date('01-FEB-23','DD-MON-RR hh:mi:ss'),'578','1494 Mcguire Street','Bend','OR','97702','Y');
Insert into RIDER_PAYMENT (PAYMENT_ID,RIDER_ID,CARDHOLDER_FIRST_NAME,CARDHOLDER_MID_NAME,CARDHOLDER_LAST_NAME,CARDTYPE,CARDNUMBER,EXPIRATION_DATE,CC_ID,BILLING_ADDRESS,BILLING_CITY,BILLING_STATE,BILLING_ZIP,PRIMARY_CARD_FLAG) values (81,3000053,'D',null,'Dubery','VISA','4166020647297851',to_date('01-APR-22','DD-MON-RR hh:mi:ss'),'497','53 Evergreen Pass','Bend','OR','97702','Y');
Insert into RIDER_PAYMENT (PAYMENT_ID,RIDER_ID,CARDHOLDER_FIRST_NAME,CARDHOLDER_MID_NAME,CARDHOLDER_LAST_NAME,CARDTYPE,CARDNUMBER,EXPIRATION_DATE,CC_ID,BILLING_ADDRESS,BILLING_CITY,BILLING_STATE,BILLING_ZIP,PRIMARY_CARD_FLAG) values (82,3000063,'Sue',null,'Stonehouse','MSTR','4460754072513265',to_date('01-APR-24','DD-MON-RR hh:mi:ss'),'378','294 Dennis Parkway','Sunriver','OR','97707','Y');
Insert into RIDER_PAYMENT (PAYMENT_ID,RIDER_ID,CARDHOLDER_FIRST_NAME,CARDHOLDER_MID_NAME,CARDHOLDER_LAST_NAME,CARDTYPE,CARDNUMBER,EXPIRATION_DATE,CC_ID,BILLING_ADDRESS,BILLING_CITY,BILLING_STATE,BILLING_ZIP,PRIMARY_CARD_FLAG) values (83,3000013,'Den',null,'Shrubsall','VISA','4391885994776234',to_date('01-SEP-25','DD-MON-RR hh:mi:ss'),'578','6 Melody Drive','Bend','OR','97701','Y');
Insert into RIDER_PAYMENT (PAYMENT_ID,RIDER_ID,CARDHOLDER_FIRST_NAME,CARDHOLDER_MID_NAME,CARDHOLDER_LAST_NAME,CARDTYPE,CARDNUMBER,EXPIRATION_DATE,CC_ID,BILLING_ADDRESS,BILLING_CITY,BILLING_STATE,BILLING_ZIP,PRIMARY_CARD_FLAG) values (84,3000028,'H','Auberta','Stening','MSTR','4485177884748953',to_date('01-JUL-25','DD-MON-RR hh:mi:ss'),'382','7 Red Cloud Circle','Redmond','OR','97756','Y');
Insert into RIDER_PAYMENT (PAYMENT_ID,RIDER_ID,CARDHOLDER_FIRST_NAME,CARDHOLDER_MID_NAME,CARDHOLDER_LAST_NAME,CARDTYPE,CARDNUMBER,EXPIRATION_DATE,CC_ID,BILLING_ADDRESS,BILLING_CITY,BILLING_STATE,BILLING_ZIP,PRIMARY_CARD_FLAG) values (1,3000001,'W','Leighton','Breawood','VISA','4389827342838761',to_date('01-MAY-24','DD-MON-RR hh:mi:ss'),'561','7 Welch Junction','Bend','OR','97702','Y');
Insert into RIDER_PAYMENT (PAYMENT_ID,RIDER_ID,CARDHOLDER_FIRST_NAME,CARDHOLDER_MID_NAME,CARDHOLDER_LAST_NAME,CARDTYPE,CARDNUMBER,EXPIRATION_DATE,CC_ID,BILLING_ADDRESS,BILLING_CITY,BILLING_STATE,BILLING_ZIP,PRIMARY_CARD_FLAG) values (2,3000002,'Farrand',null,'Olrenshaw','MSTR','4660193595413514',to_date('01-MAY-22','DD-MON-RR hh:mi:ss'),'395','8 Linden Center','Bend','OR','97702','Y');
Insert into RIDER_PAYMENT (PAYMENT_ID,RIDER_ID,CARDHOLDER_FIRST_NAME,CARDHOLDER_MID_NAME,CARDHOLDER_LAST_NAME,CARDTYPE,CARDNUMBER,EXPIRATION_DATE,CC_ID,BILLING_ADDRESS,BILLING_CITY,BILLING_STATE,BILLING_ZIP,PRIMARY_CARD_FLAG) values (3,3000003,'Stewart',null,'Larking','VISA','4156943723409445',to_date('01-JUN-25','DD-MON-RR hh:mi:ss'),'578','35560 Mayer Park','Bend','OR','97702','Y');
Insert into RIDER_PAYMENT (PAYMENT_ID,RIDER_ID,CARDHOLDER_FIRST_NAME,CARDHOLDER_MID_NAME,CARDHOLDER_LAST_NAME,CARDTYPE,CARDNUMBER,EXPIRATION_DATE,CC_ID,BILLING_ADDRESS,BILLING_CITY,BILLING_STATE,BILLING_ZIP,PRIMARY_CARD_FLAG) values (4,3000004,'Zsa zsa','T','Chifney','MSTR','4568606041245606',to_date('01-MAY-23','DD-MON-RR hh:mi:ss'),'216','0396 Lindbergh Pass','Redmond','OR','97756','Y');
Insert into RIDER_PAYMENT (PAYMENT_ID,RIDER_ID,CARDHOLDER_FIRST_NAME,CARDHOLDER_MID_NAME,CARDHOLDER_LAST_NAME,CARDTYPE,CARDNUMBER,EXPIRATION_DATE,CC_ID,BILLING_ADDRESS,BILLING_CITY,BILLING_STATE,BILLING_ZIP,PRIMARY_CARD_FLAG) values (5,3000005,'Zelma',null,'Reynalds','AMEX','437567592508337 ',to_date('01-APR-23','DD-MON-RR hh:mi:ss'),'356','9691 Longview Street','Bend','OR','97702','Y');
Insert into RIDER_PAYMENT (PAYMENT_ID,RIDER_ID,CARDHOLDER_FIRST_NAME,CARDHOLDER_MID_NAME,CARDHOLDER_LAST_NAME,CARDTYPE,CARDNUMBER,EXPIRATION_DATE,CC_ID,BILLING_ADDRESS,BILLING_CITY,BILLING_STATE,BILLING_ZIP,PRIMARY_CARD_FLAG) values (6,3000006,'Marketa',null,'Scroggie','VISA','4558723083811426',to_date('01-NOV-23','DD-MON-RR hh:mi:ss'),'828','296 Anniversary Terrace','Bend','OR','97701','Y');
Insert into RIDER_PAYMENT (PAYMENT_ID,RIDER_ID,CARDHOLDER_FIRST_NAME,CARDHOLDER_MID_NAME,CARDHOLDER_LAST_NAME,CARDTYPE,CARDNUMBER,EXPIRATION_DATE,CC_ID,BILLING_ADDRESS,BILLING_CITY,BILLING_STATE,BILLING_ZIP,PRIMARY_CARD_FLAG) values (7,3000007,'L','Guglielma','Knowller','MSTR','4798567143866077',to_date('01-FEB-25','DD-MON-RR hh:mi:ss'),'236','4 Michigan Pass','Bend','OR','97701','Y');
Insert into RIDER_PAYMENT (PAYMENT_ID,RIDER_ID,CARDHOLDER_FIRST_NAME,CARDHOLDER_MID_NAME,CARDHOLDER_LAST_NAME,CARDTYPE,CARDNUMBER,EXPIRATION_DATE,CC_ID,BILLING_ADDRESS,BILLING_CITY,BILLING_STATE,BILLING_ZIP,PRIMARY_CARD_FLAG) values (8,3000008,'Meggie',null,'Christoffels','MSTR','4651707639003764',to_date('01-APR-25','DD-MON-RR hh:mi:ss'),'745','38 Longview Point','Bend','OR','97701','Y');
Insert into RIDER_PAYMENT (PAYMENT_ID,RIDER_ID,CARDHOLDER_FIRST_NAME,CARDHOLDER_MID_NAME,CARDHOLDER_LAST_NAME,CARDTYPE,CARDNUMBER,EXPIRATION_DATE,CC_ID,BILLING_ADDRESS,BILLING_CITY,BILLING_STATE,BILLING_ZIP,PRIMARY_CARD_FLAG) values (9,3000009,'Lana',null,'Eddison','MSTR','4843934754783083',to_date('01-AUG-25','DD-MON-RR hh:mi:ss'),'935','64 Calypso Pass','Sunriver','OR','97707','Y');
Insert into RIDER_PAYMENT (PAYMENT_ID,RIDER_ID,CARDHOLDER_FIRST_NAME,CARDHOLDER_MID_NAME,CARDHOLDER_LAST_NAME,CARDTYPE,CARDNUMBER,EXPIRATION_DATE,CC_ID,BILLING_ADDRESS,BILLING_CITY,BILLING_STATE,BILLING_ZIP,PRIMARY_CARD_FLAG) values (10,3000010,'Hedda',null,'Slorach','AMEX','462042241996570 ',to_date('01-JUL-23','DD-MON-RR hh:mi:ss'),'158','8817 Briar Crest Place','Bend','OR','97701','Y');
Insert into RIDER_PAYMENT (PAYMENT_ID,RIDER_ID,CARDHOLDER_FIRST_NAME,CARDHOLDER_MID_NAME,CARDHOLDER_LAST_NAME,CARDTYPE,CARDNUMBER,EXPIRATION_DATE,CC_ID,BILLING_ADDRESS,BILLING_CITY,BILLING_STATE,BILLING_ZIP,PRIMARY_CARD_FLAG) values (11,3000011,'Rosalind','P','Joncic','VISA','4397329439003271',to_date('01-JUN-25','DD-MON-RR hh:mi:ss'),'732','89 Lindbergh Point','Bend','OR','97702','Y');
Insert into RIDER_PAYMENT (PAYMENT_ID,RIDER_ID,CARDHOLDER_FIRST_NAME,CARDHOLDER_MID_NAME,CARDHOLDER_LAST_NAME,CARDTYPE,CARDNUMBER,EXPIRATION_DATE,CC_ID,BILLING_ADDRESS,BILLING_CITY,BILLING_STATE,BILLING_ZIP,PRIMARY_CARD_FLAG) values (12,3000012,'Raven',null,'Aspinal','AMEX','486975103511579 ',to_date('01-SEP-25','DD-MON-RR hh:mi:ss'),'348','45 Gina Parkway','Redmond','OR','97756','Y');
Insert into RIDER_PAYMENT (PAYMENT_ID,RIDER_ID,CARDHOLDER_FIRST_NAME,CARDHOLDER_MID_NAME,CARDHOLDER_LAST_NAME,CARDTYPE,CARDNUMBER,EXPIRATION_DATE,CC_ID,BILLING_ADDRESS,BILLING_CITY,BILLING_STATE,BILLING_ZIP,PRIMARY_CARD_FLAG) values (13,3000013,'Den',null,'Shrubsall','VISA','4315108111054339',to_date('01-APR-24','DD-MON-RR hh:mi:ss'),'834','6 Melody Drive','Bend','OR','97701','N');
Insert into RIDER_PAYMENT (PAYMENT_ID,RIDER_ID,CARDHOLDER_FIRST_NAME,CARDHOLDER_MID_NAME,CARDHOLDER_LAST_NAME,CARDTYPE,CARDNUMBER,EXPIRATION_DATE,CC_ID,BILLING_ADDRESS,BILLING_CITY,BILLING_STATE,BILLING_ZIP,PRIMARY_CARD_FLAG) values (14,3000014,'Kary','Oren','Darycott','AMEX','431656588329551 ',to_date('01-AUG-25','DD-MON-RR hh:mi:ss'),'149','8 North Parkway','Redmond','OR','97756','Y');
Insert into RIDER_PAYMENT (PAYMENT_ID,RIDER_ID,CARDHOLDER_FIRST_NAME,CARDHOLDER_MID_NAME,CARDHOLDER_LAST_NAME,CARDTYPE,CARDNUMBER,EXPIRATION_DATE,CC_ID,BILLING_ADDRESS,BILLING_CITY,BILLING_STATE,BILLING_ZIP,PRIMARY_CARD_FLAG) values (15,3000015,'Harriot',null,'Deem','MSTR','4645277452459962',to_date('01-FEB-23','DD-MON-RR hh:mi:ss'),'977','39 Arizona Court','Sunriver','OR','97707','Y');
Insert into RIDER_PAYMENT (PAYMENT_ID,RIDER_ID,CARDHOLDER_FIRST_NAME,CARDHOLDER_MID_NAME,CARDHOLDER_LAST_NAME,CARDTYPE,CARDNUMBER,EXPIRATION_DATE,CC_ID,BILLING_ADDRESS,BILLING_CITY,BILLING_STATE,BILLING_ZIP,PRIMARY_CARD_FLAG) values (16,3000016,'Steffen',null,'Eddie','VISA','4209551273171854',to_date('01-NOV-23','DD-MON-RR hh:mi:ss'),'330','14172 Montana Way','Bend','OR','97703','Y');
Insert into RIDER_PAYMENT (PAYMENT_ID,RIDER_ID,CARDHOLDER_FIRST_NAME,CARDHOLDER_MID_NAME,CARDHOLDER_LAST_NAME,CARDTYPE,CARDNUMBER,EXPIRATION_DATE,CC_ID,BILLING_ADDRESS,BILLING_CITY,BILLING_STATE,BILLING_ZIP,PRIMARY_CARD_FLAG) values (17,3000017,'Emilee',null,'Van der Beek','VISA','4191507319724799',to_date('01-SEP-23','DD-MON-RR hh:mi:ss'),'574','604 Eastwood Pass','Sunriver','OR','97707','Y');
Insert into RIDER_PAYMENT (PAYMENT_ID,RIDER_ID,CARDHOLDER_FIRST_NAME,CARDHOLDER_MID_NAME,CARDHOLDER_LAST_NAME,CARDTYPE,CARDNUMBER,EXPIRATION_DATE,CC_ID,BILLING_ADDRESS,BILLING_CITY,BILLING_STATE,BILLING_ZIP,PRIMARY_CARD_FLAG) values (18,3000018,'Lila',null,'Weightman','VISA','4266363761222316',to_date('01-MAY-22','DD-MON-RR hh:mi:ss'),'234','1494 Mcguire Street','Bend','OR','97702','N');
Insert into RIDER_PAYMENT (PAYMENT_ID,RIDER_ID,CARDHOLDER_FIRST_NAME,CARDHOLDER_MID_NAME,CARDHOLDER_LAST_NAME,CARDTYPE,CARDNUMBER,EXPIRATION_DATE,CC_ID,BILLING_ADDRESS,BILLING_CITY,BILLING_STATE,BILLING_ZIP,PRIMARY_CARD_FLAG) values (19,3000019,'Marlowe',null,'Scheu','AMEX','461334693458139 ',to_date('01-MAR-23','DD-MON-RR hh:mi:ss'),'492','35 Gale Hill','Bend','OR','97702','N');
Insert into RIDER_PAYMENT (PAYMENT_ID,RIDER_ID,CARDHOLDER_FIRST_NAME,CARDHOLDER_MID_NAME,CARDHOLDER_LAST_NAME,CARDTYPE,CARDNUMBER,EXPIRATION_DATE,CC_ID,BILLING_ADDRESS,BILLING_CITY,BILLING_STATE,BILLING_ZIP,PRIMARY_CARD_FLAG) values (20,3000020,'Terrie','L','Razzell','VISA','4783401764404450',to_date('01-JUN-25','DD-MON-RR hh:mi:ss'),'409','39831 David Alley','Bend','OR','97702','Y');
Insert into RIDER_PAYMENT (PAYMENT_ID,RIDER_ID,CARDHOLDER_FIRST_NAME,CARDHOLDER_MID_NAME,CARDHOLDER_LAST_NAME,CARDTYPE,CARDNUMBER,EXPIRATION_DATE,CC_ID,BILLING_ADDRESS,BILLING_CITY,BILLING_STATE,BILLING_ZIP,PRIMARY_CARD_FLAG) values (21,3000021,'J','Charlean','Eckert','MSTR','4190728875405928',to_date('01-JUL-22','DD-MON-RR hh:mi:ss'),'658','4 Browning Lane','Bend','OR','97703','Y');
Insert into RIDER_PAYMENT (PAYMENT_ID,RIDER_ID,CARDHOLDER_FIRST_NAME,CARDHOLDER_MID_NAME,CARDHOLDER_LAST_NAME,CARDTYPE,CARDNUMBER,EXPIRATION_DATE,CC_ID,BILLING_ADDRESS,BILLING_CITY,BILLING_STATE,BILLING_ZIP,PRIMARY_CARD_FLAG) values (22,3000022,'Shirline',null,'Laverock','MSTR','4280397543293173',to_date('01-AUG-23','DD-MON-RR hh:mi:ss'),'681','6 Cody Terrace','Bend','OR','97701','Y');
Insert into RIDER_PAYMENT (PAYMENT_ID,RIDER_ID,CARDHOLDER_FIRST_NAME,CARDHOLDER_MID_NAME,CARDHOLDER_LAST_NAME,CARDTYPE,CARDNUMBER,EXPIRATION_DATE,CC_ID,BILLING_ADDRESS,BILLING_CITY,BILLING_STATE,BILLING_ZIP,PRIMARY_CARD_FLAG) values (23,3000023,'Veronike',null,'Gallamore','AMEX','448671098193189 ',to_date('01-APR-24','DD-MON-RR hh:mi:ss'),'172','403 Hagan Street','Sunriver','OR','97707','Y');
Insert into RIDER_PAYMENT (PAYMENT_ID,RIDER_ID,CARDHOLDER_FIRST_NAME,CARDHOLDER_MID_NAME,CARDHOLDER_LAST_NAME,CARDTYPE,CARDNUMBER,EXPIRATION_DATE,CC_ID,BILLING_ADDRESS,BILLING_CITY,BILLING_STATE,BILLING_ZIP,PRIMARY_CARD_FLAG) values (24,3000024,'Brigitte',null,'Velten','VISA','4476384994436365',to_date('01-MAY-25','DD-MON-RR hh:mi:ss'),'612','34 Arrowood Pass','Bend','OR','97703','Y');
Insert into RIDER_PAYMENT (PAYMENT_ID,RIDER_ID,CARDHOLDER_FIRST_NAME,CARDHOLDER_MID_NAME,CARDHOLDER_LAST_NAME,CARDTYPE,CARDNUMBER,EXPIRATION_DATE,CC_ID,BILLING_ADDRESS,BILLING_CITY,BILLING_STATE,BILLING_ZIP,PRIMARY_CARD_FLAG) values (25,3000025,'Blanch','F','Betchley','AMEX','486277783617942 ',to_date('01-JUL-25','DD-MON-RR hh:mi:ss'),'741','48 Cordelia Hill','Bend','OR','97702','Y');
Insert into RIDER_PAYMENT (PAYMENT_ID,RIDER_ID,CARDHOLDER_FIRST_NAME,CARDHOLDER_MID_NAME,CARDHOLDER_LAST_NAME,CARDTYPE,CARDNUMBER,EXPIRATION_DATE,CC_ID,BILLING_ADDRESS,BILLING_CITY,BILLING_STATE,BILLING_ZIP,PRIMARY_CARD_FLAG) values (26,3000026,'Jerrie',null,'Frackiewicz','AMEX','445561991143138 ',to_date('01-NOV-22','DD-MON-RR hh:mi:ss'),'519','09721 Lerdahl Drive','Bend','OR','97702','Y');
Insert into RIDER_PAYMENT (PAYMENT_ID,RIDER_ID,CARDHOLDER_FIRST_NAME,CARDHOLDER_MID_NAME,CARDHOLDER_LAST_NAME,CARDTYPE,CARDNUMBER,EXPIRATION_DATE,CC_ID,BILLING_ADDRESS,BILLING_CITY,BILLING_STATE,BILLING_ZIP,PRIMARY_CARD_FLAG) values (27,3000027,'Zara',null,'Yoxall','MSTR','4429917934868803',to_date('01-MAR-22','DD-MON-RR hh:mi:ss'),'386','22068 Mesta Circle','Bend','OR','97701','Y');
Insert into RIDER_PAYMENT (PAYMENT_ID,RIDER_ID,CARDHOLDER_FIRST_NAME,CARDHOLDER_MID_NAME,CARDHOLDER_LAST_NAME,CARDTYPE,CARDNUMBER,EXPIRATION_DATE,CC_ID,BILLING_ADDRESS,BILLING_CITY,BILLING_STATE,BILLING_ZIP,PRIMARY_CARD_FLAG) values (28,3000028,'H','Auberta','Stening','VISA','4957257872049684',to_date('01-OCT-24','DD-MON-RR hh:mi:ss'),'822','7 Red Cloud Circle','Redmond','OR','97756','N');
Insert into RIDER_PAYMENT (PAYMENT_ID,RIDER_ID,CARDHOLDER_FIRST_NAME,CARDHOLDER_MID_NAME,CARDHOLDER_LAST_NAME,CARDTYPE,CARDNUMBER,EXPIRATION_DATE,CC_ID,BILLING_ADDRESS,BILLING_CITY,BILLING_STATE,BILLING_ZIP,PRIMARY_CARD_FLAG) values (29,3000029,'Laure',null,'Chatin','VISA','4389203983897279',to_date('01-FEB-24','DD-MON-RR hh:mi:ss'),'956','90 Logan Hill','Sunriver','OR','97707','Y');
Insert into RIDER_PAYMENT (PAYMENT_ID,RIDER_ID,CARDHOLDER_FIRST_NAME,CARDHOLDER_MID_NAME,CARDHOLDER_LAST_NAME,CARDTYPE,CARDNUMBER,EXPIRATION_DATE,CC_ID,BILLING_ADDRESS,BILLING_CITY,BILLING_STATE,BILLING_ZIP,PRIMARY_CARD_FLAG) values (30,3000030,'Omero',null,'Goomes','MSTR','4159791018361025',to_date('01-JUL-22','DD-MON-RR hh:mi:ss'),'813','11 Fairfield Terrace','Sunriver','OR','97707','Y');
Insert into RIDER_PAYMENT (PAYMENT_ID,RIDER_ID,CARDHOLDER_FIRST_NAME,CARDHOLDER_MID_NAME,CARDHOLDER_LAST_NAME,CARDTYPE,CARDNUMBER,EXPIRATION_DATE,CC_ID,BILLING_ADDRESS,BILLING_CITY,BILLING_STATE,BILLING_ZIP,PRIMARY_CARD_FLAG) values (31,3000031,'Lisle','D','Whittier','VISA','4304877751210120',to_date('01-OCT-23','DD-MON-RR hh:mi:ss'),'995','9831 Dexter Circle','Bend','OR','97703','Y');
Insert into RIDER_PAYMENT (PAYMENT_ID,RIDER_ID,CARDHOLDER_FIRST_NAME,CARDHOLDER_MID_NAME,CARDHOLDER_LAST_NAME,CARDTYPE,CARDNUMBER,EXPIRATION_DATE,CC_ID,BILLING_ADDRESS,BILLING_CITY,BILLING_STATE,BILLING_ZIP,PRIMARY_CARD_FLAG) values (32,3000032,'Ediva',null,'Itzkovsky','MSTR','4668059190350755',to_date('01-SEP-25','DD-MON-RR hh:mi:ss'),'224','6 Hazelcrest Parkway','Bend','OR','97703','Y');
Insert into RIDER_PAYMENT (PAYMENT_ID,RIDER_ID,CARDHOLDER_FIRST_NAME,CARDHOLDER_MID_NAME,CARDHOLDER_LAST_NAME,CARDTYPE,CARDNUMBER,EXPIRATION_DATE,CC_ID,BILLING_ADDRESS,BILLING_CITY,BILLING_STATE,BILLING_ZIP,PRIMARY_CARD_FLAG) values (33,3000033,'Mikaela',null,'Foukx','VISA','4773937464226822',to_date('01-OCT-22','DD-MON-RR hh:mi:ss'),'263','7 Rusk Court','Bend','OR','97703','Y');
Insert into RIDER_PAYMENT (PAYMENT_ID,RIDER_ID,CARDHOLDER_FIRST_NAME,CARDHOLDER_MID_NAME,CARDHOLDER_LAST_NAME,CARDTYPE,CARDNUMBER,EXPIRATION_DATE,CC_ID,BILLING_ADDRESS,BILLING_CITY,BILLING_STATE,BILLING_ZIP,PRIMARY_CARD_FLAG) values (34,3000034,'G','Nicko','Aizikovitz','MSTR','4890889379902708',to_date('01-SEP-23','DD-MON-RR hh:mi:ss'),'154','023 Fair Oaks Point','Bend','OR','97701','Y');
Insert into RIDER_PAYMENT (PAYMENT_ID,RIDER_ID,CARDHOLDER_FIRST_NAME,CARDHOLDER_MID_NAME,CARDHOLDER_LAST_NAME,CARDTYPE,CARDNUMBER,EXPIRATION_DATE,CC_ID,BILLING_ADDRESS,BILLING_CITY,BILLING_STATE,BILLING_ZIP,PRIMARY_CARD_FLAG) values (35,3000035,'Kary',null,'Klimkowski','AMEX','415964671935298 ',to_date('01-JUL-22','DD-MON-RR hh:mi:ss'),'557','14 Bluejay Crossing','Bend','OR','97702','Y');
Insert into RIDER_PAYMENT (PAYMENT_ID,RIDER_ID,CARDHOLDER_FIRST_NAME,CARDHOLDER_MID_NAME,CARDHOLDER_LAST_NAME,CARDTYPE,CARDNUMBER,EXPIRATION_DATE,CC_ID,BILLING_ADDRESS,BILLING_CITY,BILLING_STATE,BILLING_ZIP,PRIMARY_CARD_FLAG) values (36,3000036,'Megan',null,'Rotlauf','VISA','4834726814740451',to_date('01-JAN-24','DD-MON-RR hh:mi:ss'),'778','09756 Bashford Point','Bend','OR','97703','Y');
Insert into RIDER_PAYMENT (PAYMENT_ID,RIDER_ID,CARDHOLDER_FIRST_NAME,CARDHOLDER_MID_NAME,CARDHOLDER_LAST_NAME,CARDTYPE,CARDNUMBER,EXPIRATION_DATE,CC_ID,BILLING_ADDRESS,BILLING_CITY,BILLING_STATE,BILLING_ZIP,PRIMARY_CARD_FLAG) values (37,3000037,'Nanine',null,'Carlyon','MSTR','4402086158516111',to_date('01-OCT-23','DD-MON-RR hh:mi:ss'),'685','40 Cherokee Way','Bend','OR','97703','Y');
Insert into RIDER_PAYMENT (PAYMENT_ID,RIDER_ID,CARDHOLDER_FIRST_NAME,CARDHOLDER_MID_NAME,CARDHOLDER_LAST_NAME,CARDTYPE,CARDNUMBER,EXPIRATION_DATE,CC_ID,BILLING_ADDRESS,BILLING_CITY,BILLING_STATE,BILLING_ZIP,PRIMARY_CARD_FLAG) values (38,3000038,'Roda','X','Devil','MSTR','4233817152240218',to_date('01-MAY-23','DD-MON-RR hh:mi:ss'),'386','47196 Golf Park','Bend','OR','97701','Y');
Insert into RIDER_PAYMENT (PAYMENT_ID,RIDER_ID,CARDHOLDER_FIRST_NAME,CARDHOLDER_MID_NAME,CARDHOLDER_LAST_NAME,CARDTYPE,CARDNUMBER,EXPIRATION_DATE,CC_ID,BILLING_ADDRESS,BILLING_CITY,BILLING_STATE,BILLING_ZIP,PRIMARY_CARD_FLAG) values (39,3000039,'Malory',null,'Buttrum','MSTR','4895527649700657',to_date('01-FEB-24','DD-MON-RR hh:mi:ss'),'418','34 Hudson Lane','Bend','OR','97702','Y');
Insert into RIDER_PAYMENT (PAYMENT_ID,RIDER_ID,CARDHOLDER_FIRST_NAME,CARDHOLDER_MID_NAME,CARDHOLDER_LAST_NAME,CARDTYPE,CARDNUMBER,EXPIRATION_DATE,CC_ID,BILLING_ADDRESS,BILLING_CITY,BILLING_STATE,BILLING_ZIP,PRIMARY_CARD_FLAG) values (40,3000040,'F','Malanie','Greenside','AMEX','447019312650248 ',to_date('01-AUG-22','DD-MON-RR hh:mi:ss'),'517','1643 Schiller Street','Bend','OR','97702','N');
Insert into RIDER_PAYMENT (PAYMENT_ID,RIDER_ID,CARDHOLDER_FIRST_NAME,CARDHOLDER_MID_NAME,CARDHOLDER_LAST_NAME,CARDTYPE,CARDNUMBER,EXPIRATION_DATE,CC_ID,BILLING_ADDRESS,BILLING_CITY,BILLING_STATE,BILLING_ZIP,PRIMARY_CARD_FLAG) values (41,3000041,'Ayn',null,'Style','VISA','4324928448735639',to_date('01-MAY-25','DD-MON-RR hh:mi:ss'),'463','63129 Ridgeway Trail','Bend','OR','97702','Y');
Insert into RIDER_PAYMENT (PAYMENT_ID,RIDER_ID,CARDHOLDER_FIRST_NAME,CARDHOLDER_MID_NAME,CARDHOLDER_LAST_NAME,CARDTYPE,CARDNUMBER,EXPIRATION_DATE,CC_ID,BILLING_ADDRESS,BILLING_CITY,BILLING_STATE,BILLING_ZIP,PRIMARY_CARD_FLAG) values (42,3000042,'Gabe',null,'Grono','AMEX','476781590123459 ',to_date('01-SEP-25','DD-MON-RR hh:mi:ss'),'339','1 Washington Alley','Bend','OR','97702','Y');
Insert into RIDER_PAYMENT (PAYMENT_ID,RIDER_ID,CARDHOLDER_FIRST_NAME,CARDHOLDER_MID_NAME,CARDHOLDER_LAST_NAME,CARDTYPE,CARDNUMBER,EXPIRATION_DATE,CC_ID,BILLING_ADDRESS,BILLING_CITY,BILLING_STATE,BILLING_ZIP,PRIMARY_CARD_FLAG) values (43,3000043,'Appolonia',null,'Kilmartin','VISA','4731790458103048',to_date('01-AUG-23','DD-MON-RR hh:mi:ss'),'241','4 Center Plaza','Bend','OR','97703','Y');
Insert into RIDER_PAYMENT (PAYMENT_ID,RIDER_ID,CARDHOLDER_FIRST_NAME,CARDHOLDER_MID_NAME,CARDHOLDER_LAST_NAME,CARDTYPE,CARDNUMBER,EXPIRATION_DATE,CC_ID,BILLING_ADDRESS,BILLING_CITY,BILLING_STATE,BILLING_ZIP,PRIMARY_CARD_FLAG) values (44,3000044,'Linnell',null,'Cranmere','AMEX','427921411156638 ',to_date('01-MAY-25','DD-MON-RR hh:mi:ss'),'902','30 Crescent Oaks Terrace','Bend','OR','97701','Y');
Insert into RIDER_PAYMENT (PAYMENT_ID,RIDER_ID,CARDHOLDER_FIRST_NAME,CARDHOLDER_MID_NAME,CARDHOLDER_LAST_NAME,CARDTYPE,CARDNUMBER,EXPIRATION_DATE,CC_ID,BILLING_ADDRESS,BILLING_CITY,BILLING_STATE,BILLING_ZIP,PRIMARY_CARD_FLAG) values (45,3000045,'Hartley',null,'Grassett','MSTR','4928714735532686',to_date('01-JAN-25','DD-MON-RR hh:mi:ss'),'657','54 Sommers Park','Bend','OR','97702','Y');
Insert into RIDER_PAYMENT (PAYMENT_ID,RIDER_ID,CARDHOLDER_FIRST_NAME,CARDHOLDER_MID_NAME,CARDHOLDER_LAST_NAME,CARDTYPE,CARDNUMBER,EXPIRATION_DATE,CC_ID,BILLING_ADDRESS,BILLING_CITY,BILLING_STATE,BILLING_ZIP,PRIMARY_CARD_FLAG) values (46,3000046,'Micheil','M','Ben','VISA','4512400086894766',to_date('01-JUN-24','DD-MON-RR hh:mi:ss'),'625','81 Grasskamp Plaza','Bend','OR','97703','Y');
Insert into RIDER_PAYMENT (PAYMENT_ID,RIDER_ID,CARDHOLDER_FIRST_NAME,CARDHOLDER_MID_NAME,CARDHOLDER_LAST_NAME,CARDTYPE,CARDNUMBER,EXPIRATION_DATE,CC_ID,BILLING_ADDRESS,BILLING_CITY,BILLING_STATE,BILLING_ZIP,PRIMARY_CARD_FLAG) values (47,3000047,'Denys',null,'Siddell','VISA','4206968785837576',to_date('01-SEP-23','DD-MON-RR hh:mi:ss'),'142','09960 Esker Road','Bend','OR','97702','Y');
Insert into RIDER_PAYMENT (PAYMENT_ID,RIDER_ID,CARDHOLDER_FIRST_NAME,CARDHOLDER_MID_NAME,CARDHOLDER_LAST_NAME,CARDTYPE,CARDNUMBER,EXPIRATION_DATE,CC_ID,BILLING_ADDRESS,BILLING_CITY,BILLING_STATE,BILLING_ZIP,PRIMARY_CARD_FLAG) values (48,3000048,'Goldina',null,'Dannehl','VISA','4556181554483399',to_date('01-AUG-25','DD-MON-RR hh:mi:ss'),'697','56 Holmberg Trail','Bend','OR','97703','Y');
Insert into RIDER_PAYMENT (PAYMENT_ID,RIDER_ID,CARDHOLDER_FIRST_NAME,CARDHOLDER_MID_NAME,CARDHOLDER_LAST_NAME,CARDTYPE,CARDNUMBER,EXPIRATION_DATE,CC_ID,BILLING_ADDRESS,BILLING_CITY,BILLING_STATE,BILLING_ZIP,PRIMARY_CARD_FLAG) values (49,3000049,'Teresina',null,'Nelle','AMEX','492867129835829 ',to_date('01-DEC-23','DD-MON-RR hh:mi:ss'),'499','480 Pierstorff Way','Bend','OR','97703','Y');
Insert into RIDER_PAYMENT (PAYMENT_ID,RIDER_ID,CARDHOLDER_FIRST_NAME,CARDHOLDER_MID_NAME,CARDHOLDER_LAST_NAME,CARDTYPE,CARDNUMBER,EXPIRATION_DATE,CC_ID,BILLING_ADDRESS,BILLING_CITY,BILLING_STATE,BILLING_ZIP,PRIMARY_CARD_FLAG) values (50,3000050,'Lissie',null,'de Juares','VISA','4661249562676417',to_date('01-MAY-24','DD-MON-RR hh:mi:ss'),'207','77833 Holmberg Drive','Bend','OR','97701','Y');
Insert into RIDER_PAYMENT (PAYMENT_ID,RIDER_ID,CARDHOLDER_FIRST_NAME,CARDHOLDER_MID_NAME,CARDHOLDER_LAST_NAME,CARDTYPE,CARDNUMBER,EXPIRATION_DATE,CC_ID,BILLING_ADDRESS,BILLING_CITY,BILLING_STATE,BILLING_ZIP,PRIMARY_CARD_FLAG) values (51,3000051,'Lazare',null,'Dreamer','MSTR','4872047268884205',to_date('01-NOV-24','DD-MON-RR hh:mi:ss'),'582','319 Holy Cross Hill','Redmond','OR','97756','Y');
Insert into RIDER_PAYMENT (PAYMENT_ID,RIDER_ID,CARDHOLDER_FIRST_NAME,CARDHOLDER_MID_NAME,CARDHOLDER_LAST_NAME,CARDTYPE,CARDNUMBER,EXPIRATION_DATE,CC_ID,BILLING_ADDRESS,BILLING_CITY,BILLING_STATE,BILLING_ZIP,PRIMARY_CARD_FLAG) values (52,3000052,'Pauletta',null,'Jurkowski','MSTR','4501032468474039',to_date('01-OCT-23','DD-MON-RR hh:mi:ss'),'688','2 Vera Crossing','Bend','OR','97703','Y');
Insert into RIDER_PAYMENT (PAYMENT_ID,RIDER_ID,CARDHOLDER_FIRST_NAME,CARDHOLDER_MID_NAME,CARDHOLDER_LAST_NAME,CARDTYPE,CARDNUMBER,EXPIRATION_DATE,CC_ID,BILLING_ADDRESS,BILLING_CITY,BILLING_STATE,BILLING_ZIP,PRIMARY_CARD_FLAG) values (53,3000053,'D','Christi','Dubery','AMEX','468334065069461 ',to_date('01-OCT-25','DD-MON-RR hh:mi:ss'),'410','53 Evergreen Pass','Bend','OR','97702','N');
Insert into RIDER_PAYMENT (PAYMENT_ID,RIDER_ID,CARDHOLDER_FIRST_NAME,CARDHOLDER_MID_NAME,CARDHOLDER_LAST_NAME,CARDTYPE,CARDNUMBER,EXPIRATION_DATE,CC_ID,BILLING_ADDRESS,BILLING_CITY,BILLING_STATE,BILLING_ZIP,PRIMARY_CARD_FLAG) values (54,3000054,'Jamill',null,'Kemm','VISA','4278835418034661',to_date('01-DEC-22','DD-MON-RR hh:mi:ss'),'594','9 Burrows Avenue','Bend','OR','97701','Y');
Insert into RIDER_PAYMENT (PAYMENT_ID,RIDER_ID,CARDHOLDER_FIRST_NAME,CARDHOLDER_MID_NAME,CARDHOLDER_LAST_NAME,CARDTYPE,CARDNUMBER,EXPIRATION_DATE,CC_ID,BILLING_ADDRESS,BILLING_CITY,BILLING_STATE,BILLING_ZIP,PRIMARY_CARD_FLAG) values (55,3000055,'Jobey',null,'Gowdie','AMEX','431545935736564 ',to_date('01-JUN-22','DD-MON-RR hh:mi:ss'),'870','2 La Follette Road','Bend','OR','97701','Y');
Insert into RIDER_PAYMENT (PAYMENT_ID,RIDER_ID,CARDHOLDER_FIRST_NAME,CARDHOLDER_MID_NAME,CARDHOLDER_LAST_NAME,CARDTYPE,CARDNUMBER,EXPIRATION_DATE,CC_ID,BILLING_ADDRESS,BILLING_CITY,BILLING_STATE,BILLING_ZIP,PRIMARY_CARD_FLAG) values (56,3000056,'Thomas','N','Haslehurst','AMEX','425034736064663 ',to_date('01-SEP-25','DD-MON-RR hh:mi:ss'),'281','1560 Lake View Avenue','Redmond','OR','97756','Y');
Insert into RIDER_PAYMENT (PAYMENT_ID,RIDER_ID,CARDHOLDER_FIRST_NAME,CARDHOLDER_MID_NAME,CARDHOLDER_LAST_NAME,CARDTYPE,CARDNUMBER,EXPIRATION_DATE,CC_ID,BILLING_ADDRESS,BILLING_CITY,BILLING_STATE,BILLING_ZIP,PRIMARY_CARD_FLAG) values (57,3000057,'Jefferey',null,'Kosiada','MSTR','4156255181977296',to_date('01-APR-24','DD-MON-RR hh:mi:ss'),'173','3 Iowa Street','Sunriver','OR','97707','Y');
Insert into RIDER_PAYMENT (PAYMENT_ID,RIDER_ID,CARDHOLDER_FIRST_NAME,CARDHOLDER_MID_NAME,CARDHOLDER_LAST_NAME,CARDTYPE,CARDNUMBER,EXPIRATION_DATE,CC_ID,BILLING_ADDRESS,BILLING_CITY,BILLING_STATE,BILLING_ZIP,PRIMARY_CARD_FLAG) values (58,3000058,'Phip',null,'Tamplin','VISA','4399548787106667',to_date('01-APR-22','DD-MON-RR hh:mi:ss'),'911','91 Anderson Lane','Bend','OR','97703','N');
Insert into RIDER_PAYMENT (PAYMENT_ID,RIDER_ID,CARDHOLDER_FIRST_NAME,CARDHOLDER_MID_NAME,CARDHOLDER_LAST_NAME,CARDTYPE,CARDNUMBER,EXPIRATION_DATE,CC_ID,BILLING_ADDRESS,BILLING_CITY,BILLING_STATE,BILLING_ZIP,PRIMARY_CARD_FLAG) values (59,3000059,'Ammamaria',null,'Giannoni','VISA','4338258809172756',to_date('01-JAN-24','DD-MON-RR hh:mi:ss'),'882','3659 Esch Court','Bend','OR','97703','Y');
Insert into RIDER_PAYMENT (PAYMENT_ID,RIDER_ID,CARDHOLDER_FIRST_NAME,CARDHOLDER_MID_NAME,CARDHOLDER_LAST_NAME,CARDTYPE,CARDNUMBER,EXPIRATION_DATE,CC_ID,BILLING_ADDRESS,BILLING_CITY,BILLING_STATE,BILLING_ZIP,PRIMARY_CARD_FLAG) values (60,3000060,'S','Gard','Duxbury','MSTR','4161089935385566',to_date('01-APR-23','DD-MON-RR hh:mi:ss'),'430','52 Muir Point','Bend','OR','97703','Y');
Insert into RIDER_PAYMENT (PAYMENT_ID,RIDER_ID,CARDHOLDER_FIRST_NAME,CARDHOLDER_MID_NAME,CARDHOLDER_LAST_NAME,CARDTYPE,CARDNUMBER,EXPIRATION_DATE,CC_ID,BILLING_ADDRESS,BILLING_CITY,BILLING_STATE,BILLING_ZIP,PRIMARY_CARD_FLAG) values (61,3000061,'Gabriell',null,'Bosnell','VISA','4126085324265482',to_date('01-OCT-23','DD-MON-RR hh:mi:ss'),'299','49249 Westend Circle','Bend','OR','97701','Y');
Insert into RIDER_PAYMENT (PAYMENT_ID,RIDER_ID,CARDHOLDER_FIRST_NAME,CARDHOLDER_MID_NAME,CARDHOLDER_LAST_NAME,CARDTYPE,CARDNUMBER,EXPIRATION_DATE,CC_ID,BILLING_ADDRESS,BILLING_CITY,BILLING_STATE,BILLING_ZIP,PRIMARY_CARD_FLAG) values (62,3000062,'Zarah',null,'Lockney','MSTR','4671348489905682',to_date('01-MAR-22','DD-MON-RR hh:mi:ss'),'377','0 Johnson Pass','Bend','OR','97703','Y');
Insert into RIDER_PAYMENT (PAYMENT_ID,RIDER_ID,CARDHOLDER_FIRST_NAME,CARDHOLDER_MID_NAME,CARDHOLDER_LAST_NAME,CARDTYPE,CARDNUMBER,EXPIRATION_DATE,CC_ID,BILLING_ADDRESS,BILLING_CITY,BILLING_STATE,BILLING_ZIP,PRIMARY_CARD_FLAG) values (63,3000063,'Sue',null,'Stonehouse','VISA','4197396203757657',to_date('01-JAN-24','DD-MON-RR hh:mi:ss'),'980','294 Dennis Parkway','Sunriver','OR','97707','N');
Insert into RIDER_PAYMENT (PAYMENT_ID,RIDER_ID,CARDHOLDER_FIRST_NAME,CARDHOLDER_MID_NAME,CARDHOLDER_LAST_NAME,CARDTYPE,CARDNUMBER,EXPIRATION_DATE,CC_ID,BILLING_ADDRESS,BILLING_CITY,BILLING_STATE,BILLING_ZIP,PRIMARY_CARD_FLAG) values (64,3000064,'Garvey',null,'Rearden','MSTR','4122761903035048',to_date('01-AUG-22','DD-MON-RR hh:mi:ss'),'648','139 Northport Parkway','Bend','OR','97702','Y');
Insert into RIDER_PAYMENT (PAYMENT_ID,RIDER_ID,CARDHOLDER_FIRST_NAME,CARDHOLDER_MID_NAME,CARDHOLDER_LAST_NAME,CARDTYPE,CARDNUMBER,EXPIRATION_DATE,CC_ID,BILLING_ADDRESS,BILLING_CITY,BILLING_STATE,BILLING_ZIP,PRIMARY_CARD_FLAG) values (65,3000065,'Sidoney',null,'Schellig','AMEX','423971266147839 ',to_date('01-JUN-24','DD-MON-RR hh:mi:ss'),'994','039 Delladonna Parkway','Bend','OR','97701','Y');
Insert into RIDER_PAYMENT (PAYMENT_ID,RIDER_ID,CARDHOLDER_FIRST_NAME,CARDHOLDER_MID_NAME,CARDHOLDER_LAST_NAME,CARDTYPE,CARDNUMBER,EXPIRATION_DATE,CC_ID,BILLING_ADDRESS,BILLING_CITY,BILLING_STATE,BILLING_ZIP,PRIMARY_CARD_FLAG) values (66,3000066,'Erena',null,'Stansbury','VISA','4323493141914253',to_date('01-MAY-24','DD-MON-RR hh:mi:ss'),'961','95062 Continental Circle','Redmond','OR','97756','Y');
Insert into RIDER_PAYMENT (PAYMENT_ID,RIDER_ID,CARDHOLDER_FIRST_NAME,CARDHOLDER_MID_NAME,CARDHOLDER_LAST_NAME,CARDTYPE,CARDNUMBER,EXPIRATION_DATE,CC_ID,BILLING_ADDRESS,BILLING_CITY,BILLING_STATE,BILLING_ZIP,PRIMARY_CARD_FLAG) values (67,3000067,'Bowie',null,'Barrim','MSTR','4695786382728196',to_date('01-DEC-24','DD-MON-RR hh:mi:ss'),'324','9906 Tomscot Road','Bend','OR','97702','Y');
Insert into RIDER_PAYMENT (PAYMENT_ID,RIDER_ID,CARDHOLDER_FIRST_NAME,CARDHOLDER_MID_NAME,CARDHOLDER_LAST_NAME,CARDTYPE,CARDNUMBER,EXPIRATION_DATE,CC_ID,BILLING_ADDRESS,BILLING_CITY,BILLING_STATE,BILLING_ZIP,PRIMARY_CARD_FLAG) values (68,3000068,'Xenos',null,'Brickdale','MSTR','4268424702885216',to_date('01-AUG-24','DD-MON-RR hh:mi:ss'),'556','86 Sunbrook Way','Bend','OR','97702','Y');
Insert into RIDER_PAYMENT (PAYMENT_ID,RIDER_ID,CARDHOLDER_FIRST_NAME,CARDHOLDER_MID_NAME,CARDHOLDER_LAST_NAME,CARDTYPE,CARDNUMBER,EXPIRATION_DATE,CC_ID,BILLING_ADDRESS,BILLING_CITY,BILLING_STATE,BILLING_ZIP,PRIMARY_CARD_FLAG) values (69,3000069,'Trevar','Z','Rotter','MSTR','4326019730185153',to_date('01-APR-24','DD-MON-RR hh:mi:ss'),'425','5 Columbus Drive','Bend','OR','97701','Y');
Insert into RIDER_PAYMENT (PAYMENT_ID,RIDER_ID,CARDHOLDER_FIRST_NAME,CARDHOLDER_MID_NAME,CARDHOLDER_LAST_NAME,CARDTYPE,CARDNUMBER,EXPIRATION_DATE,CC_ID,BILLING_ADDRESS,BILLING_CITY,BILLING_STATE,BILLING_ZIP,PRIMARY_CARD_FLAG) values (70,3000070,'Joline',null,'Gloyens','AMEX','450241306948673 ',to_date('01-NOV-25','DD-MON-RR hh:mi:ss'),'308','6795 Graedel Street','Redmond','OR','97756','Y');
Insert into RIDER_PAYMENT (PAYMENT_ID,RIDER_ID,CARDHOLDER_FIRST_NAME,CARDHOLDER_MID_NAME,CARDHOLDER_LAST_NAME,CARDTYPE,CARDNUMBER,EXPIRATION_DATE,CC_ID,BILLING_ADDRESS,BILLING_CITY,BILLING_STATE,BILLING_ZIP,PRIMARY_CARD_FLAG) values (71,3000071,'Wright',null,'Avard','VISA','4449305993361828',to_date('01-JUL-22','DD-MON-RR hh:mi:ss'),'939','00839 Kipling Street','Redmond','OR','97756','Y');
Insert into RIDER_PAYMENT (PAYMENT_ID,RIDER_ID,CARDHOLDER_FIRST_NAME,CARDHOLDER_MID_NAME,CARDHOLDER_LAST_NAME,CARDTYPE,CARDNUMBER,EXPIRATION_DATE,CC_ID,BILLING_ADDRESS,BILLING_CITY,BILLING_STATE,BILLING_ZIP,PRIMARY_CARD_FLAG) values (72,3000072,'Roldan',null,'Sircombe','AMEX','490694259659197 ',to_date('01-MAY-25','DD-MON-RR hh:mi:ss'),'950','63903 Chive Drive','Bend','OR','97701','Y');
COMMIT;

--insert to vehicle
Insert into VEHICLE (VEHICLE_ID,YEAR,MAKE,MODEL,COLOR,VIN,PLATE_NUM,INSURANCE_COMPANY,INSURANCE_POLICY_NUM,INSPECTION_EXP_DATE) values (2,2022,'Mazda','RX-7','Fuscia','YV4902DZ0C2714065','5FNRL5H','A-MAX','750927261',to_date('20-SEP-21','DD-MON-RR hh:mi:ss'));
Insert into VEHICLE (VEHICLE_ID,YEAR,MAKE,MODEL,COLOR,VIN,PLATE_NUM,INSURANCE_COMPANY,INSURANCE_POLICY_NUM,INSPECTION_EXP_DATE) values (3,2020,'Subaru','Legacy','Indigo','4T1BF1FK0FU732003','WAULT68','ALLST','388889152',to_date('05-JAN-21','DD-MON-RR hh:mi:ss'));
Insert into VEHICLE (VEHICLE_ID,YEAR,MAKE,MODEL,COLOR,VIN,PLATE_NUM,INSURANCE_COMPANY,INSURANCE_POLICY_NUM,INSPECTION_EXP_DATE) values (4,2020,'Saturn','L-Series','Orange','WAUCFAFC5DN697173','WVGAV3A','STFAR','176568487',to_date('06-NOV-22','DD-MON-RR hh:mi:ss'));
Insert into VEHICLE (VEHICLE_ID,YEAR,MAKE,MODEL,COLOR,VIN,PLATE_NUM,INSURANCE_COMPANY,INSURANCE_POLICY_NUM,INSPECTION_EXP_DATE) values (1,2013,'Volkswagen','Eos','Mauv','JHMZF1C40DS363773','1GD21ZC','REMCO','683395383',to_date('14-JUL-22','DD-MON-RR hh:mi:ss'));
Insert into VEHICLE (VEHICLE_ID,YEAR,MAKE,MODEL,COLOR,VIN,PLATE_NUM,INSURANCE_COMPANY,INSURANCE_POLICY_NUM,INSPECTION_EXP_DATE) values (5,2013,'Nissan','Pathfinder','Mauv','WA1CFBFP3BA481414','WA1VKBF','PROGR','603839063',to_date('04-MAR-21','DD-MON-RR hh:mi:ss'));
Insert into VEHICLE (VEHICLE_ID,YEAR,MAKE,MODEL,COLOR,VIN,PLATE_NUM,INSURANCE_COMPANY,INSURANCE_POLICY_NUM,INSPECTION_EXP_DATE) values (6,2016,'Chevrolet','Equinox','Purple','1N6AF0KY1EN452455','SCFAB42','A-MAX','29875284',to_date('08-AUG-22','DD-MON-RR hh:mi:ss'));
Insert into VEHICLE (VEHICLE_ID,YEAR,MAKE,MODEL,COLOR,VIN,PLATE_NUM,INSURANCE_COMPANY,INSURANCE_POLICY_NUM,INSPECTION_EXP_DATE) values (7,2020,'Lotus','Elise','Indigo','5N1AA0NC4CN699379','WBAAV53','STFAR','782470945',to_date('29-AUG-22','DD-MON-RR hh:mi:ss'));
Insert into VEHICLE (VEHICLE_ID,YEAR,MAKE,MODEL,COLOR,VIN,PLATE_NUM,INSURANCE_COMPANY,INSURANCE_POLICY_NUM,INSPECTION_EXP_DATE) values (8,2011,'Buick','Century','Green','SCFEDCADXAG200357','1G6DM5E','ALLST','273640582',to_date('03-APR-21','DD-MON-RR hh:mi:ss'));
Insert into VEHICLE (VEHICLE_ID,YEAR,MAKE,MODEL,COLOR,VIN,PLATE_NUM,INSURANCE_COMPANY,INSURANCE_POLICY_NUM,INSPECTION_EXP_DATE) values (9,2007,'Dodge','Dakota','Turquoise','WBSDX9C58DJ578249','1D7RW2B','PROGR','53039821',to_date('29-AUG-21','DD-MON-RR hh:mi:ss'));
Insert into VEHICLE (VEHICLE_ID,YEAR,MAKE,MODEL,COLOR,VIN,PLATE_NUM,INSURANCE_COMPANY,INSURANCE_POLICY_NUM,INSPECTION_EXP_DATE) values (10,2017,'GMC','Vandura 3500','Maroon','JTHHP5BCXF5350653','WBAEW53','STFAR','121682236',to_date('23-JUL-21','DD-MON-RR hh:mi:ss'));
Insert into VEHICLE (VEHICLE_ID,YEAR,MAKE,MODEL,COLOR,VIN,PLATE_NUM,INSURANCE_COMPANY,INSURANCE_POLICY_NUM,INSPECTION_EXP_DATE) values (11,2017,'Spyker','C8','Blue','JN1BY1AR1EM270040','5NPEB4A','ALLST','150490939',to_date('07-AUG-22','DD-MON-RR hh:mi:ss'));
Insert into VEHICLE (VEHICLE_ID,YEAR,MAKE,MODEL,COLOR,VIN,PLATE_NUM,INSURANCE_COMPANY,INSURANCE_POLICY_NUM,INSPECTION_EXP_DATE) values (12,2010,'Land Rover','Range Rover','Mauv','TRUTX28NX21705038','2G4GX5G','REMCO','335897098',to_date('04-DEC-20','DD-MON-RR hh:mi:ss'));
Insert into VEHICLE (VEHICLE_ID,YEAR,MAKE,MODEL,COLOR,VIN,PLATE_NUM,INSURANCE_COMPANY,INSURANCE_POLICY_NUM,INSPECTION_EXP_DATE) values (13,2015,'Renault','Alliance','Aquamarine','WBXPA93486W679328','WBAYP9C','PROGR','163155291',to_date('18-AUG-21','DD-MON-RR hh:mi:ss'));
Insert into VEHICLE (VEHICLE_ID,YEAR,MAKE,MODEL,COLOR,VIN,PLATE_NUM,INSURANCE_COMPANY,INSURANCE_POLICY_NUM,INSPECTION_EXP_DATE) values (14,2007,'Honda','Ridgeline','Aquamarine','5N1AR2MM8FC760795','SCFAB43','A-MAX','454102698',to_date('06-FEB-21','DD-MON-RR hh:mi:ss'));
Insert into VEHICLE (VEHICLE_ID,YEAR,MAKE,MODEL,COLOR,VIN,PLATE_NUM,INSURANCE_COMPANY,INSURANCE_POLICY_NUM,INSPECTION_EXP_DATE) values (15,2011,'Ford','Explorer','Yellow','JM1NC2JF1E0497790','3D73M3C','GEICO','721327803',to_date('27-JUL-21','DD-MON-RR hh:mi:ss'));
Insert into VEHICLE (VEHICLE_ID,YEAR,MAKE,MODEL,COLOR,VIN,PLATE_NUM,INSURANCE_COMPANY,INSURANCE_POLICY_NUM,INSPECTION_EXP_DATE) values (16,2007,'Ford','Taurus','Indigo','WBAFU9C52BC012871','WBAVA33','ALLST','750226667',to_date('26-JUL-22','DD-MON-RR hh:mi:ss'));
Insert into VEHICLE (VEHICLE_ID,YEAR,MAKE,MODEL,COLOR,VIN,PLATE_NUM,INSURANCE_COMPANY,INSURANCE_POLICY_NUM,INSPECTION_EXP_DATE) values (17,2007,'Buick','Rainier','Crimson','WAUGFAFC3EN658830','1G6DJ1E','GEICO','419997900',to_date('23-JUN-22','DD-MON-RR hh:mi:ss'));
Insert into VEHICLE (VEHICLE_ID,YEAR,MAKE,MODEL,COLOR,VIN,PLATE_NUM,INSURANCE_COMPANY,INSURANCE_POLICY_NUM,INSPECTION_EXP_DATE) values (18,2007,'Mercury','Lynx','Violet','1FTDS3EL9AD874614','4T1BD1F','PROGR','749320047',to_date('28-AUG-21','DD-MON-RR hh:mi:ss'));
Insert into VEHICLE (VEHICLE_ID,YEAR,MAKE,MODEL,COLOR,VIN,PLATE_NUM,INSURANCE_COMPANY,INSURANCE_POLICY_NUM,INSPECTION_EXP_DATE) values (19,2022,'Mazda','MX-5','Violet','5UXZV4C53DL921459','JH4CL96','ALLST','199151059',to_date('13-DEC-20','DD-MON-RR hh:mi:ss'));
Insert into VEHICLE (VEHICLE_ID,YEAR,MAKE,MODEL,COLOR,VIN,PLATE_NUM,INSURANCE_COMPANY,INSURANCE_POLICY_NUM,INSPECTION_EXP_DATE) values (20,2021,'Volkswagen','CC','Crimson','3D7JV1EP6BG611351','1G6KD54','GEICO','472518003',to_date('02-DEC-21','DD-MON-RR hh:mi:ss'));
Insert into VEHICLE (VEHICLE_ID,YEAR,MAKE,MODEL,COLOR,VIN,PLATE_NUM,INSURANCE_COMPANY,INSURANCE_POLICY_NUM,INSPECTION_EXP_DATE) values (21,2007,'Audi','A5','Red','1GYUCKEF8AR797137','19UUA75','STFAR','242579134',to_date('14-FEB-21','DD-MON-RR hh:mi:ss'));
Insert into VEHICLE (VEHICLE_ID,YEAR,MAKE,MODEL,COLOR,VIN,PLATE_NUM,INSURANCE_COMPANY,INSURANCE_POLICY_NUM,INSPECTION_EXP_DATE) values (22,2015,'Chrysler','Sebring','Mauv','KL4CJDSB8EB075258','1G4GG5E','GEICO','232358619',to_date('28-AUG-22','DD-MON-RR hh:mi:ss'));
Insert into VEHICLE (VEHICLE_ID,YEAR,MAKE,MODEL,COLOR,VIN,PLATE_NUM,INSURANCE_COMPANY,INSURANCE_POLICY_NUM,INSPECTION_EXP_DATE) values (23,2016,'Volkswagen','Cabriolet','Mauv','WBAYF4C51FD138452','WUARU78','STFAR','696289131',to_date('31-MAR-21','DD-MON-RR hh:mi:ss'));
Insert into VEHICLE (VEHICLE_ID,YEAR,MAKE,MODEL,COLOR,VIN,PLATE_NUM,INSURANCE_COMPANY,INSURANCE_POLICY_NUM,INSPECTION_EXP_DATE) values (24,2021,'Chrysler','Sebring','Fuscia','WBADT53492C051550','WAUBFCF','REMCO','784703894',to_date('23-MAR-21','DD-MON-RR hh:mi:ss'));
Insert into VEHICLE (VEHICLE_ID,YEAR,MAKE,MODEL,COLOR,VIN,PLATE_NUM,INSURANCE_COMPANY,INSURANCE_POLICY_NUM,INSPECTION_EXP_DATE) values (25,2017,'Ford','Focus','Puce','WAUJT68EX4A868244','WA1LGAF','GEICO','68621277',to_date('01-JAN-22','DD-MON-RR hh:mi:ss'));
Insert into VEHICLE (VEHICLE_ID,YEAR,MAKE,MODEL,COLOR,VIN,PLATE_NUM,INSURANCE_COMPANY,INSURANCE_POLICY_NUM,INSPECTION_EXP_DATE) values (26,2021,'Chrysler','300','Aquamarine','1G4CW54K314794731','1FTWW3A','ALLST','156193963',to_date('29-OCT-22','DD-MON-RR hh:mi:ss'));
Insert into VEHICLE (VEHICLE_ID,YEAR,MAKE,MODEL,COLOR,VIN,PLATE_NUM,INSURANCE_COMPANY,INSURANCE_POLICY_NUM,INSPECTION_EXP_DATE) values (27,2020,'Acura','NSX','Orange','JH4KB16697C003202','WAUSG78','A-MAX','63949243',to_date('30-DEC-20','DD-MON-RR hh:mi:ss'));
Insert into VEHICLE (VEHICLE_ID,YEAR,MAKE,MODEL,COLOR,VIN,PLATE_NUM,INSURANCE_COMPANY,INSURANCE_POLICY_NUM,INSPECTION_EXP_DATE) values (28,2006,'Toyota','4Runner','Purple','WVGAV3AX2EW133927','1C3CDFB','PROGR','179382054',to_date('27-AUG-22','DD-MON-RR hh:mi:ss'));
Insert into VEHICLE (VEHICLE_ID,YEAR,MAKE,MODEL,COLOR,VIN,PLATE_NUM,INSURANCE_COMPANY,INSURANCE_POLICY_NUM,INSPECTION_EXP_DATE) values (29,2014,'Mercedes-Benz','SLS AMG','Purple','WBAHN03578D095461','WAUEFAF','GEICO','702972736',to_date('11-JAN-22','DD-MON-RR hh:mi:ss'));
Insert into VEHICLE (VEHICLE_ID,YEAR,MAKE,MODEL,COLOR,VIN,PLATE_NUM,INSURANCE_COMPANY,INSURANCE_POLICY_NUM,INSPECTION_EXP_DATE) values (30,2019,'Audi','A6','Violet','WAU4FAFL3AA696482','WBA6B4C','ALLST','477433967',to_date('26-SEP-22','DD-MON-RR hh:mi:ss'));
Insert into VEHICLE (VEHICLE_ID,YEAR,MAKE,MODEL,COLOR,VIN,PLATE_NUM,INSURANCE_COMPANY,INSURANCE_POLICY_NUM,INSPECTION_EXP_DATE) values (31,2015,'Ford','E-Series','Turquoise','WAUMR94E98N387421','YV140ME','STFAR','282663810',to_date('14-OCT-22','DD-MON-RR hh:mi:ss'));
Insert into VEHICLE (VEHICLE_ID,YEAR,MAKE,MODEL,COLOR,VIN,PLATE_NUM,INSURANCE_COMPANY,INSURANCE_POLICY_NUM,INSPECTION_EXP_DATE) values (32,2007,'Dodge','Ram 1500','Purple','1GYFC66808R083142','WA1LFAF','STFAR','263814866',to_date('11-APR-22','DD-MON-RR hh:mi:ss'));
Insert into VEHICLE (VEHICLE_ID,YEAR,MAKE,MODEL,COLOR,VIN,PLATE_NUM,INSURANCE_COMPANY,INSURANCE_POLICY_NUM,INSPECTION_EXP_DATE) values (33,2006,'Mercury','Cougar','Indigo','1GYFC13219R021401','WAUXD68','GEICO','460298489',to_date('04-JUL-21','DD-MON-RR hh:mi:ss'));
Insert into VEHICLE (VEHICLE_ID,YEAR,MAKE,MODEL,COLOR,VIN,PLATE_NUM,INSURANCE_COMPANY,INSURANCE_POLICY_NUM,INSPECTION_EXP_DATE) values (34,2009,'Volkswagen','Fox','Maroon','1D7RW3BK1AS927462','WBAVL1C','REMCO','377870815',to_date('14-FEB-22','DD-MON-RR hh:mi:ss'));
Insert into VEHICLE (VEHICLE_ID,YEAR,MAKE,MODEL,COLOR,VIN,PLATE_NUM,INSURANCE_COMPANY,INSURANCE_POLICY_NUM,INSPECTION_EXP_DATE) values (35,2006,'Chevrolet','Avalanche 1500','Teal','WBALM7C59EE066135','5TDDK3D','ALLST','881359413',to_date('21-JAN-22','DD-MON-RR hh:mi:ss'));
Insert into VEHICLE (VEHICLE_ID,YEAR,MAKE,MODEL,COLOR,VIN,PLATE_NUM,INSURANCE_COMPANY,INSURANCE_POLICY_NUM,INSPECTION_EXP_DATE) values (36,2013,'Chevrolet','Aveo','Maroon','WAUAH78E18A818619','WBA3N7C','REMCO','663612151',to_date('27-APR-21','DD-MON-RR hh:mi:ss'));
Insert into VEHICLE (VEHICLE_ID,YEAR,MAKE,MODEL,COLOR,VIN,PLATE_NUM,INSURANCE_COMPANY,INSURANCE_POLICY_NUM,INSPECTION_EXP_DATE) values (37,2015,'Mercedes-Benz','Sprinter','Mauv','1N6AA0CA5FN906840','1G6AL5S','GEICO','716913698',to_date('17-MAY-22','DD-MON-RR hh:mi:ss'));
Insert into VEHICLE (VEHICLE_ID,YEAR,MAKE,MODEL,COLOR,VIN,PLATE_NUM,INSURANCE_COMPANY,INSURANCE_POLICY_NUM,INSPECTION_EXP_DATE) values (38,2021,'Oldsmobile','Bravada','Khaki','SCBFU7ZA3DC936723','5NPDH4A','A-MAX','851965354',to_date('15-MAR-22','DD-MON-RR hh:mi:ss'));
Insert into VEHICLE (VEHICLE_ID,YEAR,MAKE,MODEL,COLOR,VIN,PLATE_NUM,INSURANCE_COMPANY,INSURANCE_POLICY_NUM,INSPECTION_EXP_DATE) values (39,2011,'Dodge','Dakota Club','Fuscia','JN1CV6AP4CM549410','WAUJGAF','ALLST','814698852',to_date('05-DEC-21','DD-MON-RR hh:mi:ss'));
COMMIT;


--insert to driver
Insert into Driver (DRIVER_ID,FIRST_NAME,LAST_NAME,ADDRESS,CITY,STATE,ZIP,PHONE,EMAIL,DOB,DRIVERS_LICENSE_NUM,RIDES_GIVEN) values (100001,'Lothaire','Hendrichs','1709 Homewood Trail','Beaverton','OR','97704','503-314-6974','lhendrichs0@ameblo.jp',to_date('24-FEB-81','DD-MON-RR hh:mi:ss'),'2274585 ',4);
Insert into Driver (DRIVER_ID,FIRST_NAME,LAST_NAME,ADDRESS,CITY,STATE,ZIP,PHONE,EMAIL,DOB,DRIVERS_LICENSE_NUM,RIDES_GIVEN) values (100002,'Mureil','Kernley','5736 Melody Parkway','Salem','OR','97704','971-130-2594','mkernley1@vkontakte.ru',to_date('02-MAY-89','DD-MON-RR hh:mi:ss'),'7620444 ',1);
Insert into Driver (DRIVER_ID,FIRST_NAME,LAST_NAME,ADDRESS,CITY,STATE,ZIP,PHONE,EMAIL,DOB,DRIVERS_LICENSE_NUM,RIDES_GIVEN) values (100003,'Caressa','Baroch','7787 Annamark Drive','Portland','OR','97703','503-116-9886','cbaroch2@jigsy.com',to_date('15-JAN-90','DD-MON-RR hh:mi:ss'),'7989349 ',5);
Insert into Driver (DRIVER_ID,FIRST_NAME,LAST_NAME,ADDRESS,CITY,STATE,ZIP,PHONE,EMAIL,DOB,DRIVERS_LICENSE_NUM,RIDES_GIVEN) values (100004,'Spence','Persehouse','7 Donald Way','Portland','OR','97704','503-456-9191','spersehouse3@arstechnica.com',to_date('03-JUN-83','DD-MON-RR hh:mi:ss'),'2119025 ',7);
Insert into Driver (DRIVER_ID,FIRST_NAME,LAST_NAME,ADDRESS,CITY,STATE,ZIP,PHONE,EMAIL,DOB,DRIVERS_LICENSE_NUM,RIDES_GIVEN) values (100005,'Solly','Hugnin','2 Schmedeman Junction','Portland','OR','97702','503-444-2447','shugnin4@msu.edu',to_date('04-FEB-85','DD-MON-RR hh:mi:ss'),'4304519 ',5);
Insert into Driver (DRIVER_ID,FIRST_NAME,LAST_NAME,ADDRESS,CITY,STATE,ZIP,PHONE,EMAIL,DOB,DRIVERS_LICENSE_NUM,RIDES_GIVEN) values (100006,'Merwyn','Keynes','99 Waubesa Plaza','Portland','OR','97701','503-756-6438','mkeynes5@hc360.com',to_date('03-MAR-77','DD-MON-RR hh:mi:ss'),'6841284 ',9);
Insert into Driver (DRIVER_ID,FIRST_NAME,LAST_NAME,ADDRESS,CITY,STATE,ZIP,PHONE,EMAIL,DOB,DRIVERS_LICENSE_NUM,RIDES_GIVEN) values (100007,'Beckie','Debney','24 Oxford Pass','Portland','OR','97701','503-758-9058','bdebney6@fotki.com',to_date('25-FEB-70','DD-MON-RR hh:mi:ss'),'4763666 ',5);
Insert into Driver (DRIVER_ID,FIRST_NAME,LAST_NAME,ADDRESS,CITY,STATE,ZIP,PHONE,EMAIL,DOB,DRIVERS_LICENSE_NUM,RIDES_GIVEN) values (100008,'Shaylyn','Amori','8 Carpenter Park','Portland','OR','97703','971-744-3976','samori7@blinklist.com',to_date('23-JUN-63','DD-MON-RR hh:mi:ss'),'6214293 ',3);
Insert into Driver (DRIVER_ID,FIRST_NAME,LAST_NAME,ADDRESS,CITY,STATE,ZIP,PHONE,EMAIL,DOB,DRIVERS_LICENSE_NUM,RIDES_GIVEN) values (100009,'Job','Baiss','2 Holmberg Pass','Portland','OR','97701','971-316-5608','jbaiss8@baidu.com',to_date('05-MAR-00','DD-MON-RR hh:mi:ss'),'1640618 ',9);
Insert into Driver (DRIVER_ID,FIRST_NAME,LAST_NAME,ADDRESS,CITY,STATE,ZIP,PHONE,EMAIL,DOB,DRIVERS_LICENSE_NUM,RIDES_GIVEN) values (100010,'Bunnie','Di Lucia','3 Rockefeller Street','Portland','OR','97704','503-800-1134','bdilucia9@miitbeian.gov.cn',to_date('01-FEB-69','DD-MON-RR hh:mi:ss'),'1939585 ',7);
Insert into Driver (DRIVER_ID,FIRST_NAME,LAST_NAME,ADDRESS,CITY,STATE,ZIP,PHONE,EMAIL,DOB,DRIVERS_LICENSE_NUM,RIDES_GIVEN) values (100011,'Adelaida','Shankle','45773 Twin Pines Plaza','Portland','OR','97701','503-757-2399','ashanklea@mail.ru',to_date('13-MAY-64','DD-MON-RR hh:mi:ss'),'2567715 ',1);
Insert into Driver (DRIVER_ID,FIRST_NAME,LAST_NAME,ADDRESS,CITY,STATE,ZIP,PHONE,EMAIL,DOB,DRIVERS_LICENSE_NUM,RIDES_GIVEN) values (100012,'Ralina','Kleinzweig','11 Prairie Rose Way','Portland','OR','97702','208-362-2925','rkleinzweigb@usa.gov',to_date('24-DEC-83','DD-MON-RR hh:mi:ss'),'7804041 ',8);
Insert into Driver (DRIVER_ID,FIRST_NAME,LAST_NAME,ADDRESS,CITY,STATE,ZIP,PHONE,EMAIL,DOB,DRIVERS_LICENSE_NUM,RIDES_GIVEN) values (100013,'Annmaria','Duddridge','4348 Spenser Trail','Portland','OR','97704','503-979-1875','aduddridgec@tripod.com',to_date('09-JAN-87','DD-MON-RR hh:mi:ss'),'8414581 ',9);
Insert into Driver (DRIVER_ID,FIRST_NAME,LAST_NAME,ADDRESS,CITY,STATE,ZIP,PHONE,EMAIL,DOB,DRIVERS_LICENSE_NUM,RIDES_GIVEN) values (100014,'Florenza','McGoogan','997 Mandrake Road','Eugene','OR','97703','541-260-3329','fmcgoogand@odnoklassniki.ru',to_date('18-OCT-61','DD-MON-RR hh:mi:ss'),'6104605 ',4);
Insert into Driver (DRIVER_ID,FIRST_NAME,LAST_NAME,ADDRESS,CITY,STATE,ZIP,PHONE,EMAIL,DOB,DRIVERS_LICENSE_NUM,RIDES_GIVEN) values (100015,'Harri','Blinkhorn','6 Hanover Point','Portland','OR','97704','503-727-2994','hblinkhorne@pen.io',to_date('19-MAY-84','DD-MON-RR hh:mi:ss'),'1349861 ',9);
Insert into Driver (DRIVER_ID,FIRST_NAME,LAST_NAME,ADDRESS,CITY,STATE,ZIP,PHONE,EMAIL,DOB,DRIVERS_LICENSE_NUM,RIDES_GIVEN) values (100016,'Jaquith','Gornar','5326 Grasskamp Parkway','Portland','OR','97704','503-129-9907','jgornarf@fda.gov',to_date('08-NOV-96','DD-MON-RR hh:mi:ss'),'3101891 ',6);
Insert into Driver (DRIVER_ID,FIRST_NAME,LAST_NAME,ADDRESS,CITY,STATE,ZIP,PHONE,EMAIL,DOB,DRIVERS_LICENSE_NUM,RIDES_GIVEN) values (100017,'Leighton','Baccus','5 Texas Center','Portland','OR','97701','503-873-8512','lbaccusg@over-blog.com',to_date('14-FEB-73','DD-MON-RR hh:mi:ss'),'3611655 ',7);
Insert into Driver (DRIVER_ID,FIRST_NAME,LAST_NAME,ADDRESS,CITY,STATE,ZIP,PHONE,EMAIL,DOB,DRIVERS_LICENSE_NUM,RIDES_GIVEN) values (100018,'Arvy','Pumphrey','5 Florence Road','Portland','OR','97702','503-338-7589','apumphreyh@odnoklassniki.ru',to_date('04-MAY-82','DD-MON-RR hh:mi:ss'),'6644891 ',5);
Insert into Driver (DRIVER_ID,FIRST_NAME,LAST_NAME,ADDRESS,CITY,STATE,ZIP,PHONE,EMAIL,DOB,DRIVERS_LICENSE_NUM,RIDES_GIVEN) values (100019,'Analiese','Keynes','2 Killdeer Center','Portland','OR','97701','503-960-4517','akeynesi@bluehost.com',to_date('23-JUN-78','DD-MON-RR hh:mi:ss'),'8364892 ',6);
Insert into Driver (DRIVER_ID,FIRST_NAME,LAST_NAME,ADDRESS,CITY,STATE,ZIP,PHONE,EMAIL,DOB,DRIVERS_LICENSE_NUM,RIDES_GIVEN) values (100020,'Ilario','Byram','31004 Eagle Crest Way','Portland','OR','97703','503-218-3540','ibyramj@myspace.com',to_date('20-SEP-68','DD-MON-RR hh:mi:ss'),'8155974 ',8);
Insert into Driver (DRIVER_ID,FIRST_NAME,LAST_NAME,ADDRESS,CITY,STATE,ZIP,PHONE,EMAIL,DOB,DRIVERS_LICENSE_NUM,RIDES_GIVEN) values (100021,'Poppy','Woolrich','70 Blaine Lane','Portland','OR','97704','503-192-5976','pwoolrichk@ask.com',to_date('08-AUG-89','DD-MON-RR hh:mi:ss'),'6331331 ',6);
Insert into Driver (DRIVER_ID,FIRST_NAME,LAST_NAME,ADDRESS,CITY,STATE,ZIP,PHONE,EMAIL,DOB,DRIVERS_LICENSE_NUM,RIDES_GIVEN) values (100022,'Udale','Lillegard','979 Artisan Park','Portland','OR','97702','971-778-6249','ulillegardl@ca.gov',to_date('05-SEP-70','DD-MON-RR hh:mi:ss'),'4823433 ',11);
Insert into Driver (DRIVER_ID,FIRST_NAME,LAST_NAME,ADDRESS,CITY,STATE,ZIP,PHONE,EMAIL,DOB,DRIVERS_LICENSE_NUM,RIDES_GIVEN) values (100023,'Kariotta','Chalder','0537 American Place','Portland','OR','97702','503-639-1398','kchalderm@bigcartel.com',to_date('28-SEP-99','DD-MON-RR hh:mi:ss'),'4975743 ',6);
Insert into Driver (DRIVER_ID,FIRST_NAME,LAST_NAME,ADDRESS,CITY,STATE,ZIP,PHONE,EMAIL,DOB,DRIVERS_LICENSE_NUM,RIDES_GIVEN) values (100024,'Bailie','Parrott','8 Harper Road','Portland','OR','97701','503-489-0045','bparrottn@yellowbook.com',to_date('09-FEB-98','DD-MON-RR hh:mi:ss'),'2403428 ',12);
Insert into Driver (DRIVER_ID,FIRST_NAME,LAST_NAME,ADDRESS,CITY,STATE,ZIP,PHONE,EMAIL,DOB,DRIVERS_LICENSE_NUM,RIDES_GIVEN) values (100025,'Charley','Giovannini','39 Fisk Park','Portland','OR','97702','503-664-5042','cgiovanninio@jimdo.com',to_date('31-JUL-63','DD-MON-RR hh:mi:ss'),'5512834 ',5);
Insert into Driver (DRIVER_ID,FIRST_NAME,LAST_NAME,ADDRESS,CITY,STATE,ZIP,PHONE,EMAIL,DOB,DRIVERS_LICENSE_NUM,RIDES_GIVEN) values (100026,'Jerrilyn','Willstrop','8097 Marquette Plaza','Portland','OR','97703','971-436-7207','jwillstropp@telegraph.co.uk',to_date('29-JUL-62','DD-MON-RR hh:mi:ss'),'7070485 ',3);
Insert into Driver (DRIVER_ID,FIRST_NAME,LAST_NAME,ADDRESS,CITY,STATE,ZIP,PHONE,EMAIL,DOB,DRIVERS_LICENSE_NUM,RIDES_GIVEN) values (100027,'Clerkclaude','Frank','98201 Warrior Center','Portland','OR','97702','971-216-7998','cfrankq@hc360.com',to_date('09-JUN-93','DD-MON-RR hh:mi:ss'),'7299942 ',6);
Insert into Driver (DRIVER_ID,FIRST_NAME,LAST_NAME,ADDRESS,CITY,STATE,ZIP,PHONE,EMAIL,DOB,DRIVERS_LICENSE_NUM,RIDES_GIVEN) values (100028,'Florencia','Gerber','1705 Moose Center','Salem','OR','97704','503-296-1772','fgerberr@oracle.com',to_date('24-FEB-90','DD-MON-RR hh:mi:ss'),'6337828 ',3);
Insert into Driver (DRIVER_ID,FIRST_NAME,LAST_NAME,ADDRESS,CITY,STATE,ZIP,PHONE,EMAIL,DOB,DRIVERS_LICENSE_NUM,RIDES_GIVEN) values (100029,'Roxie','Jevon','38708 Bunker Hill Alley','Portland','OR','97701','971-265-3396','rjevons@bloglines.com',to_date('12-JUL-97','DD-MON-RR hh:mi:ss'),'1168057 ',6);
Insert into Driver (DRIVER_ID,FIRST_NAME,LAST_NAME,ADDRESS,CITY,STATE,ZIP,PHONE,EMAIL,DOB,DRIVERS_LICENSE_NUM,RIDES_GIVEN) values (100030,'Olly','Wanjek','025 Toban Drive','Portland','OR','97702','503-361-8669','owanjekt@blinklist.com',to_date('12-FEB-69','DD-MON-RR hh:mi:ss'),'7171303 ',6);
Insert into Driver (DRIVER_ID,FIRST_NAME,LAST_NAME,ADDRESS,CITY,STATE,ZIP,PHONE,EMAIL,DOB,DRIVERS_LICENSE_NUM,RIDES_GIVEN) values (100031,'Morgana','Outright','73 Helena Road','Eugene','OR','97703','541-968-7462','moutrightu@census.gov',to_date('16-MAY-96','DD-MON-RR hh:mi:ss'),'5615869 ',4);
Insert into Driver (DRIVER_ID,FIRST_NAME,LAST_NAME,ADDRESS,CITY,STATE,ZIP,PHONE,EMAIL,DOB,DRIVERS_LICENSE_NUM,RIDES_GIVEN) values (100032,'Hartwell','Buzza','055 Pennsylvania Crossing','Portland','OR','97702','971-139-2887','hbuzzav@shutterfly.com',to_date('10-NOV-61','DD-MON-RR hh:mi:ss'),'7765639 ',3);
Insert into Driver (DRIVER_ID,FIRST_NAME,LAST_NAME,ADDRESS,CITY,STATE,ZIP,PHONE,EMAIL,DOB,DRIVERS_LICENSE_NUM,RIDES_GIVEN) values (100033,'Eliot','Cosgrave','8127 Cody Pass','Portland','OR','97704','503-270-8724','ecosgravew@comcast.net',to_date('21-SEP-73','DD-MON-RR hh:mi:ss'),'3427369 ',9);
Insert into Driver (DRIVER_ID,FIRST_NAME,LAST_NAME,ADDRESS,CITY,STATE,ZIP,PHONE,EMAIL,DOB,DRIVERS_LICENSE_NUM,RIDES_GIVEN) values (100034,'Jamaal','Littley','63726 Sullivan Terrace','Salem','OR','97702','971-518-2349','jlittleyx@sbwire.com',to_date('09-JUL-83','DD-MON-RR hh:mi:ss'),'3502995 ',3);
commit;



--insert to bank_account; 
Insert into BANK_ACCOUNT (BANK_ACCOUNT_ID,DRIVER_ID,ROUTING_NUMBER,ACCOUNT_NUMBER) values (1,100001,'1862358  ','1808542848026');
Insert into BANK_ACCOUNT (BANK_ACCOUNT_ID,DRIVER_ID,ROUTING_NUMBER,ACCOUNT_NUMBER) values (2,100002,'8500337  ','100580120392');
Insert into BANK_ACCOUNT (BANK_ACCOUNT_ID,DRIVER_ID,ROUTING_NUMBER,ACCOUNT_NUMBER) values (3,100003,'1862358  ','1801361485268');
Insert into BANK_ACCOUNT (BANK_ACCOUNT_ID,DRIVER_ID,ROUTING_NUMBER,ACCOUNT_NUMBER) values (4,100004,'8500337  ','100533678683');
Insert into BANK_ACCOUNT (BANK_ACCOUNT_ID,DRIVER_ID,ROUTING_NUMBER,ACCOUNT_NUMBER) values (5,100005,'1862358  ','1804514495703');
Insert into BANK_ACCOUNT (BANK_ACCOUNT_ID,DRIVER_ID,ROUTING_NUMBER,ACCOUNT_NUMBER) values (6,100006,'5424070  ','201609590048');
Insert into BANK_ACCOUNT (BANK_ACCOUNT_ID,DRIVER_ID,ROUTING_NUMBER,ACCOUNT_NUMBER) values (7,100007,'8500337  ','100539604883');
Insert into BANK_ACCOUNT (BANK_ACCOUNT_ID,DRIVER_ID,ROUTING_NUMBER,ACCOUNT_NUMBER) values (8,100008,'1862358  ','1801220138049');
Insert into BANK_ACCOUNT (BANK_ACCOUNT_ID,DRIVER_ID,ROUTING_NUMBER,ACCOUNT_NUMBER) values (9,100009,'7060856  ','110334690223');
Insert into BANK_ACCOUNT (BANK_ACCOUNT_ID,DRIVER_ID,ROUTING_NUMBER,ACCOUNT_NUMBER) values (10,100010,'1862358  ','1806767191829');
Insert into BANK_ACCOUNT (BANK_ACCOUNT_ID,DRIVER_ID,ROUTING_NUMBER,ACCOUNT_NUMBER) values (11,100011,'8500337  ','100591181291');
Insert into BANK_ACCOUNT (BANK_ACCOUNT_ID,DRIVER_ID,ROUTING_NUMBER,ACCOUNT_NUMBER) values (12,100012,'7060856  ','110133443601');
Insert into BANK_ACCOUNT (BANK_ACCOUNT_ID,DRIVER_ID,ROUTING_NUMBER,ACCOUNT_NUMBER) values (13,100013,'1862358  ','1802092821090');
Insert into BANK_ACCOUNT (BANK_ACCOUNT_ID,DRIVER_ID,ROUTING_NUMBER,ACCOUNT_NUMBER) values (14,100014,'2177779  ','100497722354');
Insert into BANK_ACCOUNT (BANK_ACCOUNT_ID,DRIVER_ID,ROUTING_NUMBER,ACCOUNT_NUMBER) values (15,100015,'1862358  ','1801069271866');
Insert into BANK_ACCOUNT (BANK_ACCOUNT_ID,DRIVER_ID,ROUTING_NUMBER,ACCOUNT_NUMBER) values (16,100016,'6158060  ','8003814341426');
Insert into BANK_ACCOUNT (BANK_ACCOUNT_ID,DRIVER_ID,ROUTING_NUMBER,ACCOUNT_NUMBER) values (17,100017,'8500337  ','100518330684');
Insert into BANK_ACCOUNT (BANK_ACCOUNT_ID,DRIVER_ID,ROUTING_NUMBER,ACCOUNT_NUMBER) values (18,100018,'7060856  ','110799144989');
Insert into BANK_ACCOUNT (BANK_ACCOUNT_ID,DRIVER_ID,ROUTING_NUMBER,ACCOUNT_NUMBER) values (19,100019,'1862358  ','1805423478403');
Insert into BANK_ACCOUNT (BANK_ACCOUNT_ID,DRIVER_ID,ROUTING_NUMBER,ACCOUNT_NUMBER) values (20,100020,'6158060  ','800713715244');
Insert into BANK_ACCOUNT (BANK_ACCOUNT_ID,DRIVER_ID,ROUTING_NUMBER,ACCOUNT_NUMBER) values (21,100021,'8500337  ','100557565962');
Insert into BANK_ACCOUNT (BANK_ACCOUNT_ID,DRIVER_ID,ROUTING_NUMBER,ACCOUNT_NUMBER) values (22,100022,'1862358  ','1805093740457');
Insert into BANK_ACCOUNT (BANK_ACCOUNT_ID,DRIVER_ID,ROUTING_NUMBER,ACCOUNT_NUMBER) values (23,100023,'5424070  ','2013471378419');
Insert into BANK_ACCOUNT (BANK_ACCOUNT_ID,DRIVER_ID,ROUTING_NUMBER,ACCOUNT_NUMBER) values (24,100024,'5424070  ','2011516819798');
Insert into BANK_ACCOUNT (BANK_ACCOUNT_ID,DRIVER_ID,ROUTING_NUMBER,ACCOUNT_NUMBER) values (25,100025,'2177779  ','100346582221');
Insert into BANK_ACCOUNT (BANK_ACCOUNT_ID,DRIVER_ID,ROUTING_NUMBER,ACCOUNT_NUMBER) values (26,100026,'8500337  ','100535499608');
Insert into BANK_ACCOUNT (BANK_ACCOUNT_ID,DRIVER_ID,ROUTING_NUMBER,ACCOUNT_NUMBER) values (27,100027,'6158060  ','8006319004130');
Insert into BANK_ACCOUNT (BANK_ACCOUNT_ID,DRIVER_ID,ROUTING_NUMBER,ACCOUNT_NUMBER) values (28,100028,'8500337  ','100527627100');
Insert into BANK_ACCOUNT (BANK_ACCOUNT_ID,DRIVER_ID,ROUTING_NUMBER,ACCOUNT_NUMBER) values (29,100029,'2177779  ','100316120635');
Insert into BANK_ACCOUNT (BANK_ACCOUNT_ID,DRIVER_ID,ROUTING_NUMBER,ACCOUNT_NUMBER) values (30,100030,'2177779  ','100863645116');
Insert into BANK_ACCOUNT (BANK_ACCOUNT_ID,DRIVER_ID,ROUTING_NUMBER,ACCOUNT_NUMBER) values (31,100031,'7060856  ','110616014331');
Insert into BANK_ACCOUNT (BANK_ACCOUNT_ID,DRIVER_ID,ROUTING_NUMBER,ACCOUNT_NUMBER) values (32,100032,'1862358  ','1807359063860');
Insert into BANK_ACCOUNT (BANK_ACCOUNT_ID,DRIVER_ID,ROUTING_NUMBER,ACCOUNT_NUMBER) values (33,100033,'1862358  ','1803869646949');
Insert into BANK_ACCOUNT (BANK_ACCOUNT_ID,DRIVER_ID,ROUTING_NUMBER,ACCOUNT_NUMBER) values (34,100034,'1862358  ','1808852451676');
COMMIT;

--insert to discounts; 
Insert into DISCOUNTS (DISCOUNT_ID,RIDER_ID,DISCOUNT_TYPE,DISCOUNT_PERCENT,USED_FLAG,EXPIRATION_DATE) values (1,3000001,'FREE',1,'Y',to_date('01-FEB-22','DD-MON-RR hh:mi:ss'));
Insert into DISCOUNTS (DISCOUNT_ID,RIDER_ID,DISCOUNT_TYPE,DISCOUNT_PERCENT,USED_FLAG,EXPIRATION_DATE) values (2,3000002,'FREE',1,'Y',to_date('01-FEB-22','DD-MON-RR hh:mi:ss'));
Insert into DISCOUNTS (DISCOUNT_ID,RIDER_ID,DISCOUNT_TYPE,DISCOUNT_PERCENT,USED_FLAG,EXPIRATION_DATE) values (3,3000003,'FREE',1,'Y',to_date('01-FEB-22','DD-MON-RR hh:mi:ss'));
Insert into DISCOUNTS (DISCOUNT_ID,RIDER_ID,DISCOUNT_TYPE,DISCOUNT_PERCENT,USED_FLAG,EXPIRATION_DATE) values (4,3000004,'FREE',1,'Y',to_date('01-FEB-22','DD-MON-RR hh:mi:ss'));
Insert into DISCOUNTS (DISCOUNT_ID,RIDER_ID,DISCOUNT_TYPE,DISCOUNT_PERCENT,USED_FLAG,EXPIRATION_DATE) values (5,3000005,'FREE',1,'Y',to_date('01-FEB-22','DD-MON-RR hh:mi:ss'));
Insert into DISCOUNTS (DISCOUNT_ID,RIDER_ID,DISCOUNT_TYPE,DISCOUNT_PERCENT,USED_FLAG,EXPIRATION_DATE) values (6,3000006,'50OFF',0.5,'Y',to_date('08-FEB-22','DD-MON-RR hh:mi:ss'));
Insert into DISCOUNTS (DISCOUNT_ID,RIDER_ID,DISCOUNT_TYPE,DISCOUNT_PERCENT,USED_FLAG,EXPIRATION_DATE) values (7,3000001,'30OFF',0.3,'Y',to_date('08-FEB-22','DD-MON-RR hh:mi:ss'));
Insert into DISCOUNTS (DISCOUNT_ID,RIDER_ID,DISCOUNT_TYPE,DISCOUNT_PERCENT,USED_FLAG,EXPIRATION_DATE) values (8,3000008,'FREE',1,'Y',to_date('08-FEB-22','DD-MON-RR hh:mi:ss'));
Insert into DISCOUNTS (DISCOUNT_ID,RIDER_ID,DISCOUNT_TYPE,DISCOUNT_PERCENT,USED_FLAG,EXPIRATION_DATE) values (9,3000009,'50OFF',0.5,'Y',to_date('08-FEB-22','DD-MON-RR hh:mi:ss'));
Insert into DISCOUNTS (DISCOUNT_ID,RIDER_ID,DISCOUNT_TYPE,DISCOUNT_PERCENT,USED_FLAG,EXPIRATION_DATE) values (10,3000010,'30OFF',0.3,'Y',to_date('08-FEB-22','DD-MON-RR hh:mi:ss'));
Insert into DISCOUNTS (DISCOUNT_ID,RIDER_ID,DISCOUNT_TYPE,DISCOUNT_PERCENT,USED_FLAG,EXPIRATION_DATE) values (11,3000011,'FREE',1,'Y',to_date('15-FEB-22','DD-MON-RR hh:mi:ss'));
Insert into DISCOUNTS (DISCOUNT_ID,RIDER_ID,DISCOUNT_TYPE,DISCOUNT_PERCENT,USED_FLAG,EXPIRATION_DATE) values (12,3000012,'FREE',1,'Y',to_date('15-FEB-22','DD-MON-RR hh:mi:ss'));
Insert into DISCOUNTS (DISCOUNT_ID,RIDER_ID,DISCOUNT_TYPE,DISCOUNT_PERCENT,USED_FLAG,EXPIRATION_DATE) values (13,3000013,'30OFF',0.3,'Y',to_date('15-FEB-22','DD-MON-RR hh:mi:ss'));
Insert into DISCOUNTS (DISCOUNT_ID,RIDER_ID,DISCOUNT_TYPE,DISCOUNT_PERCENT,USED_FLAG,EXPIRATION_DATE) values (14,3000014,'50OFF',0.5,'Y',to_date('15-FEB-22','DD-MON-RR hh:mi:ss'));
Insert into DISCOUNTS (DISCOUNT_ID,RIDER_ID,DISCOUNT_TYPE,DISCOUNT_PERCENT,USED_FLAG,EXPIRATION_DATE) values (15,3000015,'30OFF',0.3,'Y',to_date('15-FEB-22','DD-MON-RR hh:mi:ss'));
Insert into DISCOUNTS (DISCOUNT_ID,RIDER_ID,DISCOUNT_TYPE,DISCOUNT_PERCENT,USED_FLAG,EXPIRATION_DATE) values (16,3000016,'FREE',1,'Y',to_date('22-FEB-22','DD-MON-RR hh:mi:ss'));
Insert into DISCOUNTS (DISCOUNT_ID,RIDER_ID,DISCOUNT_TYPE,DISCOUNT_PERCENT,USED_FLAG,EXPIRATION_DATE) values (17,3000017,'30OFF',0.3,'Y',to_date('22-FEB-22','DD-MON-RR hh:mi:ss'));
Insert into DISCOUNTS (DISCOUNT_ID,RIDER_ID,DISCOUNT_TYPE,DISCOUNT_PERCENT,USED_FLAG,EXPIRATION_DATE) values (18,3000018,'50OFF',0.5,'Y',to_date('22-FEB-22','DD-MON-RR hh:mi:ss'));
Insert into DISCOUNTS (DISCOUNT_ID,RIDER_ID,DISCOUNT_TYPE,DISCOUNT_PERCENT,USED_FLAG,EXPIRATION_DATE) values (19,3000019,'20OFF',0.2,'Y',to_date('22-FEB-22','DD-MON-RR hh:mi:ss'));
Insert into DISCOUNTS (DISCOUNT_ID,RIDER_ID,DISCOUNT_TYPE,DISCOUNT_PERCENT,USED_FLAG,EXPIRATION_DATE) values (20,3000020,'FREE',1,'Y',to_date('22-FEB-22','DD-MON-RR hh:mi:ss'));
Insert into DISCOUNTS (DISCOUNT_ID,RIDER_ID,DISCOUNT_TYPE,DISCOUNT_PERCENT,USED_FLAG,EXPIRATION_DATE) values (21,3000021,'20OFF',0.2,'Y',to_date('01-MAR-22','DD-MON-RR hh:mi:ss'));
Insert into DISCOUNTS (DISCOUNT_ID,RIDER_ID,DISCOUNT_TYPE,DISCOUNT_PERCENT,USED_FLAG,EXPIRATION_DATE) values (22,3000022,'50OFF',0.5,'Y',to_date('01-MAR-22','DD-MON-RR hh:mi:ss'));
Insert into DISCOUNTS (DISCOUNT_ID,RIDER_ID,DISCOUNT_TYPE,DISCOUNT_PERCENT,USED_FLAG,EXPIRATION_DATE) values (23,3000023,'30OFF',0.3,'Y',to_date('01-MAR-22','DD-MON-RR hh:mi:ss'));
Insert into DISCOUNTS (DISCOUNT_ID,RIDER_ID,DISCOUNT_TYPE,DISCOUNT_PERCENT,USED_FLAG,EXPIRATION_DATE) values (24,3000024,'20OFF',0.2,'Y',to_date('01-MAR-22','DD-MON-RR hh:mi:ss'));
Insert into DISCOUNTS (DISCOUNT_ID,RIDER_ID,DISCOUNT_TYPE,DISCOUNT_PERCENT,USED_FLAG,EXPIRATION_DATE) values (25,3000025,'FREE',1,'Y',to_date('01-MAR-22','DD-MON-RR hh:mi:ss'));
Insert into DISCOUNTS (DISCOUNT_ID,RIDER_ID,DISCOUNT_TYPE,DISCOUNT_PERCENT,USED_FLAG,EXPIRATION_DATE) values (26,3000026,'20OFF',0.2,'N',to_date('01-MAR-22','DD-MON-RR hh:mi:ss'));
Insert into DISCOUNTS (DISCOUNT_ID,RIDER_ID,DISCOUNT_TYPE,DISCOUNT_PERCENT,USED_FLAG,EXPIRATION_DATE) values (27,3000027,'30OFF',0.3,'N',to_date('01-MAR-22','DD-MON-RR hh:mi:ss'));
Insert into DISCOUNTS (DISCOUNT_ID,RIDER_ID,DISCOUNT_TYPE,DISCOUNT_PERCENT,USED_FLAG,EXPIRATION_DATE) values (28,3000028,'20OFF',0.2,'N',to_date('01-MAR-22','DD-MON-RR hh:mi:ss'));
Insert into DISCOUNTS (DISCOUNT_ID,RIDER_ID,DISCOUNT_TYPE,DISCOUNT_PERCENT,USED_FLAG,EXPIRATION_DATE) values (29,3000029,'50OFF',0.5,'N',to_date('01-MAR-22','DD-MON-RR hh:mi:ss'));
Insert into DISCOUNTS (DISCOUNT_ID,RIDER_ID,DISCOUNT_TYPE,DISCOUNT_PERCENT,USED_FLAG,EXPIRATION_DATE) values (30,3000030,'20OFF',0.2,'N',to_date('01-MAR-22','DD-MON-RR hh:mi:ss'));
Insert into DISCOUNTS (DISCOUNT_ID,RIDER_ID,DISCOUNT_TYPE,DISCOUNT_PERCENT,USED_FLAG,EXPIRATION_DATE) values (31,3000031,'20OFF',0.2,'N',to_date('01-MAR-22','DD-MON-RR hh:mi:ss'));
Insert into DISCOUNTS (DISCOUNT_ID,RIDER_ID,DISCOUNT_TYPE,DISCOUNT_PERCENT,USED_FLAG,EXPIRATION_DATE) values (32,3000032,'30OFF',0.3,'N',to_date('01-MAR-22','DD-MON-RR hh:mi:ss'));
Insert into DISCOUNTS (DISCOUNT_ID,RIDER_ID,DISCOUNT_TYPE,DISCOUNT_PERCENT,USED_FLAG,EXPIRATION_DATE) values (33,3000033,'20OFF',0.2,'N',to_date('01-MAR-22','DD-MON-RR hh:mi:ss'));
Insert into DISCOUNTS (DISCOUNT_ID,RIDER_ID,DISCOUNT_TYPE,DISCOUNT_PERCENT,USED_FLAG,EXPIRATION_DATE) values (34,3000034,'FREE',1,'N',to_date('01-MAR-22','DD-MON-RR hh:mi:ss'));
Insert into DISCOUNTS (DISCOUNT_ID,RIDER_ID,DISCOUNT_TYPE,DISCOUNT_PERCENT,USED_FLAG,EXPIRATION_DATE) values (35,3000035,'20OFF',0.2,'N',to_date('01-MAR-22','DD-MON-RR hh:mi:ss'));
Insert into DISCOUNTS (DISCOUNT_ID,RIDER_ID,DISCOUNT_TYPE,DISCOUNT_PERCENT,USED_FLAG,EXPIRATION_DATE) values (36,3000036,'30OFF',0.3,'N',to_date('08-MAR-22','DD-MON-RR hh:mi:ss'));
Insert into DISCOUNTS (DISCOUNT_ID,RIDER_ID,DISCOUNT_TYPE,DISCOUNT_PERCENT,USED_FLAG,EXPIRATION_DATE) values (37,3000037,'50OFF',0.5,'N',to_date('08-MAR-22','DD-MON-RR hh:mi:ss'));
Insert into DISCOUNTS (DISCOUNT_ID,RIDER_ID,DISCOUNT_TYPE,DISCOUNT_PERCENT,USED_FLAG,EXPIRATION_DATE) values (38,3000037,'20OFF',0.2,'N',to_date('08-MAR-22','DD-MON-RR hh:mi:ss'));
Insert into DISCOUNTS (DISCOUNT_ID,RIDER_ID,DISCOUNT_TYPE,DISCOUNT_PERCENT,USED_FLAG,EXPIRATION_DATE) values (39,3000039,'25OFF',0.25,'Y',to_date('08-MAR-22','DD-MON-RR hh:mi:ss'));
Insert into DISCOUNTS (DISCOUNT_ID,RIDER_ID,DISCOUNT_TYPE,DISCOUNT_PERCENT,USED_FLAG,EXPIRATION_DATE) values (40,3000040,'30OFF',0.3,'N',to_date('08-MAR-22','DD-MON-RR hh:mi:ss'));
Insert into DISCOUNTS (DISCOUNT_ID,RIDER_ID,DISCOUNT_TYPE,DISCOUNT_PERCENT,USED_FLAG,EXPIRATION_DATE) values (41,3000040,'FREE',1,'N',to_date('08-MAR-22','DD-MON-RR hh:mi:ss'));
Insert into DISCOUNTS (DISCOUNT_ID,RIDER_ID,DISCOUNT_TYPE,DISCOUNT_PERCENT,USED_FLAG,EXPIRATION_DATE) values (42,3000042,'25OFF',0.25,'N',to_date('08-MAR-22','DD-MON-RR hh:mi:ss'));
Insert into DISCOUNTS (DISCOUNT_ID,RIDER_ID,DISCOUNT_TYPE,DISCOUNT_PERCENT,USED_FLAG,EXPIRATION_DATE) values (43,3000043,'20OFF',0.2,'N',to_date('08-MAR-22','DD-MON-RR hh:mi:ss'));
Insert into DISCOUNTS (DISCOUNT_ID,RIDER_ID,DISCOUNT_TYPE,DISCOUNT_PERCENT,USED_FLAG,EXPIRATION_DATE) values (44,3000044,'25OFF',0.25,'N',to_date('08-MAR-22','DD-MON-RR hh:mi:ss'));
Insert into DISCOUNTS (DISCOUNT_ID,RIDER_ID,DISCOUNT_TYPE,DISCOUNT_PERCENT,USED_FLAG,EXPIRATION_DATE) values (45,3000045,'50OFF',0.5,'N',to_date('08-MAR-22','DD-MON-RR hh:mi:ss'));
Insert into DISCOUNTS (DISCOUNT_ID,RIDER_ID,DISCOUNT_TYPE,DISCOUNT_PERCENT,USED_FLAG,EXPIRATION_DATE) values (46,3000045,'20OFF',0.2,'N',to_date('08-MAR-22','DD-MON-RR hh:mi:ss'));
Insert into DISCOUNTS (DISCOUNT_ID,RIDER_ID,DISCOUNT_TYPE,DISCOUNT_PERCENT,USED_FLAG,EXPIRATION_DATE) values (47,3000047,'25OFF',0.25,'N',to_date('08-MAR-22','DD-MON-RR hh:mi:ss'));
Insert into DISCOUNTS (DISCOUNT_ID,RIDER_ID,DISCOUNT_TYPE,DISCOUNT_PERCENT,USED_FLAG,EXPIRATION_DATE) values (48,3000048,'10OFF',0.1,'N',to_date('08-MAR-22','DD-MON-RR hh:mi:ss'));
Insert into DISCOUNTS (DISCOUNT_ID,RIDER_ID,DISCOUNT_TYPE,DISCOUNT_PERCENT,USED_FLAG,EXPIRATION_DATE) values (49,3000049,'30OFF',0.3,'N',to_date('08-MAR-22','DD-MON-RR hh:mi:ss'));
Insert into DISCOUNTS (DISCOUNT_ID,RIDER_ID,DISCOUNT_TYPE,DISCOUNT_PERCENT,USED_FLAG,EXPIRATION_DATE) values (50,3000049,'FREE',1,'N',to_date('08-MAR-22','DD-MON-RR hh:mi:ss'));
Insert into DISCOUNTS (DISCOUNT_ID,RIDER_ID,DISCOUNT_TYPE,DISCOUNT_PERCENT,USED_FLAG,EXPIRATION_DATE) values (51,3000051,'25OFF',0.25,'Y',to_date('15-MAR-22','DD-MON-RR hh:mi:ss'));
Insert into DISCOUNTS (DISCOUNT_ID,RIDER_ID,DISCOUNT_TYPE,DISCOUNT_PERCENT,USED_FLAG,EXPIRATION_DATE) values (52,3000052,'20OFF',0.2,'N',to_date('15-MAR-22','DD-MON-RR hh:mi:ss'));
Insert into DISCOUNTS (DISCOUNT_ID,RIDER_ID,DISCOUNT_TYPE,DISCOUNT_PERCENT,USED_FLAG,EXPIRATION_DATE) values (53,3000052,'25OFF',0.25,'N',to_date('15-MAR-22','DD-MON-RR hh:mi:ss'));
Insert into DISCOUNTS (DISCOUNT_ID,RIDER_ID,DISCOUNT_TYPE,DISCOUNT_PERCENT,USED_FLAG,EXPIRATION_DATE) values (54,3000054,'20OFF',0.2,'N',to_date('15-MAR-22','DD-MON-RR hh:mi:ss'));
Insert into DISCOUNTS (DISCOUNT_ID,RIDER_ID,DISCOUNT_TYPE,DISCOUNT_PERCENT,USED_FLAG,EXPIRATION_DATE) values (55,3000054,'20OFF',0.2,'N',to_date('15-MAR-22','DD-MON-RR hh:mi:ss'));
Insert into DISCOUNTS (DISCOUNT_ID,RIDER_ID,DISCOUNT_TYPE,DISCOUNT_PERCENT,USED_FLAG,EXPIRATION_DATE) values (56,3000056,'20OFF',0.2,'N',to_date('15-MAR-22','DD-MON-RR hh:mi:ss'));
Insert into DISCOUNTS (DISCOUNT_ID,RIDER_ID,DISCOUNT_TYPE,DISCOUNT_PERCENT,USED_FLAG,EXPIRATION_DATE) values (57,3000057,'10OFF',0.1,'N',to_date('15-MAR-22','DD-MON-RR hh:mi:ss'));
Insert into DISCOUNTS (DISCOUNT_ID,RIDER_ID,DISCOUNT_TYPE,DISCOUNT_PERCENT,USED_FLAG,EXPIRATION_DATE) values (58,3000058,'25OFF',0.25,'N',to_date('15-MAR-22','DD-MON-RR hh:mi:ss'));
Insert into DISCOUNTS (DISCOUNT_ID,RIDER_ID,DISCOUNT_TYPE,DISCOUNT_PERCENT,USED_FLAG,EXPIRATION_DATE) values (59,3000059,'30OFF',0.3,'N',to_date('15-MAR-22','DD-MON-RR hh:mi:ss'));
Insert into DISCOUNTS (DISCOUNT_ID,RIDER_ID,DISCOUNT_TYPE,DISCOUNT_PERCENT,USED_FLAG,EXPIRATION_DATE) values (60,3000059,'25OFF',0.25,'N',to_date('15-MAR-22','DD-MON-RR hh:mi:ss'));
Insert into DISCOUNTS (DISCOUNT_ID,RIDER_ID,DISCOUNT_TYPE,DISCOUNT_PERCENT,USED_FLAG,EXPIRATION_DATE) values (61,3000061,'20OFF',0.2,'N',to_date('15-MAR-22','DD-MON-RR hh:mi:ss'));
Insert into DISCOUNTS (DISCOUNT_ID,RIDER_ID,DISCOUNT_TYPE,DISCOUNT_PERCENT,USED_FLAG,EXPIRATION_DATE) values (62,3000062,'25OFF',0.25,'N',to_date('15-MAR-22','DD-MON-RR hh:mi:ss'));
Insert into DISCOUNTS (DISCOUNT_ID,RIDER_ID,DISCOUNT_TYPE,DISCOUNT_PERCENT,USED_FLAG,EXPIRATION_DATE) values (63,3000063,'10OFF',0.1,'Y',to_date('15-MAR-22','DD-MON-RR hh:mi:ss'));
Insert into DISCOUNTS (DISCOUNT_ID,RIDER_ID,DISCOUNT_TYPE,DISCOUNT_PERCENT,USED_FLAG,EXPIRATION_DATE) values (64,3000064,'20OFF',0.2,'N',to_date('15-MAR-22','DD-MON-RR hh:mi:ss'));
Insert into DISCOUNTS (DISCOUNT_ID,RIDER_ID,DISCOUNT_TYPE,DISCOUNT_PERCENT,USED_FLAG,EXPIRATION_DATE) values (65,3000064,'30OFF',0.3,'N',to_date('15-MAR-22','DD-MON-RR hh:mi:ss'));
Insert into DISCOUNTS (DISCOUNT_ID,RIDER_ID,DISCOUNT_TYPE,DISCOUNT_PERCENT,USED_FLAG,EXPIRATION_DATE) values (66,3000066,'10OFF',0.1,'Y',to_date('22-MAR-22','DD-MON-RR hh:mi:ss'));
Insert into DISCOUNTS (DISCOUNT_ID,RIDER_ID,DISCOUNT_TYPE,DISCOUNT_PERCENT,USED_FLAG,EXPIRATION_DATE) values (67,3000067,'20OFF',0.2,'Y',to_date('22-MAR-22','DD-MON-RR hh:mi:ss'));
Insert into DISCOUNTS (DISCOUNT_ID,RIDER_ID,DISCOUNT_TYPE,DISCOUNT_PERCENT,USED_FLAG,EXPIRATION_DATE) values (68,3000068,'25OFF',0.25,'N',to_date('22-MAR-22','DD-MON-RR hh:mi:ss'));
Insert into DISCOUNTS (DISCOUNT_ID,RIDER_ID,DISCOUNT_TYPE,DISCOUNT_PERCENT,USED_FLAG,EXPIRATION_DATE) values (69,3000069,'FREE',1,'N',to_date('22-MAR-22','DD-MON-RR hh:mi:ss'));
Insert into DISCOUNTS (DISCOUNT_ID,RIDER_ID,DISCOUNT_TYPE,DISCOUNT_PERCENT,USED_FLAG,EXPIRATION_DATE) values (70,3000070,'10OFF',0.1,'N',to_date('22-MAR-22','DD-MON-RR hh:mi:ss'));
Insert into DISCOUNTS (DISCOUNT_ID,RIDER_ID,DISCOUNT_TYPE,DISCOUNT_PERCENT,USED_FLAG,EXPIRATION_DATE) values (71,3000001,'25OFF',0.25,'N',to_date('22-MAR-22','DD-MON-RR hh:mi:ss'));
Insert into DISCOUNTS (DISCOUNT_ID,RIDER_ID,DISCOUNT_TYPE,DISCOUNT_PERCENT,USED_FLAG,EXPIRATION_DATE) values (72,3000002,'20OFF',0.2,'N',to_date('22-MAR-22','DD-MON-RR hh:mi:ss'));
Insert into DISCOUNTS (DISCOUNT_ID,RIDER_ID,DISCOUNT_TYPE,DISCOUNT_PERCENT,USED_FLAG,EXPIRATION_DATE) values (73,3000003,'20OFF',0.2,'N',to_date('22-MAR-22','DD-MON-RR hh:mi:ss'));
Insert into DISCOUNTS (DISCOUNT_ID,RIDER_ID,DISCOUNT_TYPE,DISCOUNT_PERCENT,USED_FLAG,EXPIRATION_DATE) values (74,3000004,'10OFF',0.1,'N',to_date('22-MAR-22','DD-MON-RR hh:mi:ss'));
Insert into DISCOUNTS (DISCOUNT_ID,RIDER_ID,DISCOUNT_TYPE,DISCOUNT_PERCENT,USED_FLAG,EXPIRATION_DATE) values (75,3000005,'10OFF',0.1,'N',to_date('22-MAR-22','DD-MON-RR hh:mi:ss'));
Insert into DISCOUNTS (DISCOUNT_ID,RIDER_ID,DISCOUNT_TYPE,DISCOUNT_PERCENT,USED_FLAG,EXPIRATION_DATE) values (76,3000003,'30OFF',0.3,'N',to_date('22-MAR-22','DD-MON-RR hh:mi:ss'));
Insert into DISCOUNTS (DISCOUNT_ID,RIDER_ID,DISCOUNT_TYPE,DISCOUNT_PERCENT,USED_FLAG,EXPIRATION_DATE) values (77,3000003,'FREE',1,'N',to_date('22-MAR-22','DD-MON-RR hh:mi:ss'));
COMMIT;


 

--insert to  vehicle_driver_linking;
Insert into VEHICLE_DRIVER_LINKING (DRIVER_ID,VEHICLE_ID,ACTIVE_VEHICLE_FLAG) values (100001,1,'N');
Insert into VEHICLE_DRIVER_LINKING (DRIVER_ID,VEHICLE_ID,ACTIVE_VEHICLE_FLAG) values (100001,35,'Y');
Insert into VEHICLE_DRIVER_LINKING (DRIVER_ID,VEHICLE_ID,ACTIVE_VEHICLE_FLAG) values (100002,2,'Y');
Insert into VEHICLE_DRIVER_LINKING (DRIVER_ID,VEHICLE_ID,ACTIVE_VEHICLE_FLAG) values (100003,3,'Y');
Insert into VEHICLE_DRIVER_LINKING (DRIVER_ID,VEHICLE_ID,ACTIVE_VEHICLE_FLAG) values (100004,4,'Y');
Insert into VEHICLE_DRIVER_LINKING (DRIVER_ID,VEHICLE_ID,ACTIVE_VEHICLE_FLAG) values (100005,5,'Y');
Insert into VEHICLE_DRIVER_LINKING (DRIVER_ID,VEHICLE_ID,ACTIVE_VEHICLE_FLAG) values (100006,6,'N');
Insert into VEHICLE_DRIVER_LINKING (DRIVER_ID,VEHICLE_ID,ACTIVE_VEHICLE_FLAG) values (100006,36,'Y');
Insert into VEHICLE_DRIVER_LINKING (DRIVER_ID,VEHICLE_ID,ACTIVE_VEHICLE_FLAG) values (100007,7,'Y');
Insert into VEHICLE_DRIVER_LINKING (DRIVER_ID,VEHICLE_ID,ACTIVE_VEHICLE_FLAG) values (100008,8,'Y');
Insert into VEHICLE_DRIVER_LINKING (DRIVER_ID,VEHICLE_ID,ACTIVE_VEHICLE_FLAG) values (100009,9,'Y');
Insert into VEHICLE_DRIVER_LINKING (DRIVER_ID,VEHICLE_ID,ACTIVE_VEHICLE_FLAG) values (100010,10,'N');
Insert into VEHICLE_DRIVER_LINKING (DRIVER_ID,VEHICLE_ID,ACTIVE_VEHICLE_FLAG) values (100010,37,'Y');
Insert into VEHICLE_DRIVER_LINKING (DRIVER_ID,VEHICLE_ID,ACTIVE_VEHICLE_FLAG) values (100011,11,'Y');
Insert into VEHICLE_DRIVER_LINKING (DRIVER_ID,VEHICLE_ID,ACTIVE_VEHICLE_FLAG) values (100012,12,'Y');
Insert into VEHICLE_DRIVER_LINKING (DRIVER_ID,VEHICLE_ID,ACTIVE_VEHICLE_FLAG) values (100013,13,'Y');
Insert into VEHICLE_DRIVER_LINKING (DRIVER_ID,VEHICLE_ID,ACTIVE_VEHICLE_FLAG) values (100014,14,'Y');
Insert into VEHICLE_DRIVER_LINKING (DRIVER_ID,VEHICLE_ID,ACTIVE_VEHICLE_FLAG) values (100015,15,'Y');
Insert into VEHICLE_DRIVER_LINKING (DRIVER_ID,VEHICLE_ID,ACTIVE_VEHICLE_FLAG) values (100015,20,'N');
Insert into VEHICLE_DRIVER_LINKING (DRIVER_ID,VEHICLE_ID,ACTIVE_VEHICLE_FLAG) values (100016,16,'Y');
Insert into VEHICLE_DRIVER_LINKING (DRIVER_ID,VEHICLE_ID,ACTIVE_VEHICLE_FLAG) values (100017,17,'Y');
Insert into VEHICLE_DRIVER_LINKING (DRIVER_ID,VEHICLE_ID,ACTIVE_VEHICLE_FLAG) values (100018,18,'Y');
Insert into VEHICLE_DRIVER_LINKING (DRIVER_ID,VEHICLE_ID,ACTIVE_VEHICLE_FLAG) values (100019,19,'Y');
Insert into VEHICLE_DRIVER_LINKING (DRIVER_ID,VEHICLE_ID,ACTIVE_VEHICLE_FLAG) values (100020,11,'Y');
Insert into VEHICLE_DRIVER_LINKING (DRIVER_ID,VEHICLE_ID,ACTIVE_VEHICLE_FLAG) values (100021,21,'Y');
Insert into VEHICLE_DRIVER_LINKING (DRIVER_ID,VEHICLE_ID,ACTIVE_VEHICLE_FLAG) values (100022,22,'Y');
Insert into VEHICLE_DRIVER_LINKING (DRIVER_ID,VEHICLE_ID,ACTIVE_VEHICLE_FLAG) values (100023,23,'N');
Insert into VEHICLE_DRIVER_LINKING (DRIVER_ID,VEHICLE_ID,ACTIVE_VEHICLE_FLAG) values (100023,38,'Y');
Insert into VEHICLE_DRIVER_LINKING (DRIVER_ID,VEHICLE_ID,ACTIVE_VEHICLE_FLAG) values (100024,24,'Y');
Insert into VEHICLE_DRIVER_LINKING (DRIVER_ID,VEHICLE_ID,ACTIVE_VEHICLE_FLAG) values (100025,25,'Y');
Insert into VEHICLE_DRIVER_LINKING (DRIVER_ID,VEHICLE_ID,ACTIVE_VEHICLE_FLAG) values (100026,26,'Y');
Insert into VEHICLE_DRIVER_LINKING (DRIVER_ID,VEHICLE_ID,ACTIVE_VEHICLE_FLAG) values (100027,27,'Y');
Insert into VEHICLE_DRIVER_LINKING (DRIVER_ID,VEHICLE_ID,ACTIVE_VEHICLE_FLAG) values (100027,33,'N');
Insert into VEHICLE_DRIVER_LINKING (DRIVER_ID,VEHICLE_ID,ACTIVE_VEHICLE_FLAG) values (100028,28,'Y');
Insert into VEHICLE_DRIVER_LINKING (DRIVER_ID,VEHICLE_ID,ACTIVE_VEHICLE_FLAG) values (100029,29,'Y');
Insert into VEHICLE_DRIVER_LINKING (DRIVER_ID,VEHICLE_ID,ACTIVE_VEHICLE_FLAG) values (100030,30,'Y');
Insert into VEHICLE_DRIVER_LINKING (DRIVER_ID,VEHICLE_ID,ACTIVE_VEHICLE_FLAG) values (100031,31,'Y');
Insert into VEHICLE_DRIVER_LINKING (DRIVER_ID,VEHICLE_ID,ACTIVE_VEHICLE_FLAG) values (100032,32,'N');
Insert into VEHICLE_DRIVER_LINKING (DRIVER_ID,VEHICLE_ID,ACTIVE_VEHICLE_FLAG) values (100032,39,'Y');
Insert into VEHICLE_DRIVER_LINKING (DRIVER_ID,VEHICLE_ID,ACTIVE_VEHICLE_FLAG) values (100033,1,'Y');
Insert into VEHICLE_DRIVER_LINKING (DRIVER_ID,VEHICLE_ID,ACTIVE_VEHICLE_FLAG) values (100034,34,'Y');
COMMIT; 

--insert to  ride;
Insert into RIDE (RIDE_ID,DRIVER_ID,RIDER_ID,VEHICLE_ID,PICKUP_ADDRESS,DROPOFF_ADDRESS,REQUEST_DATETIME,START_DATETIME,END_DATETIME,INITIAL_FARE,DISCOUNT_AMOUNT,FINAL_FARE,RATING) values (53,100007,3000027,7,'67 Valley Edge Pass','22068 Mesta Circle',to_date('15-jan-22 12:00:01','dd-mon-yy hh:mi:ss'),to_date('15-jan-22 06:12:19','dd-mon-yy hh:mi:ss'),to_date('15-jan-22 06:26:31','dd-mon-yy hh:mi:ss'),11,null,11,1);
Insert into RIDE (RIDE_ID,DRIVER_ID,RIDER_ID,VEHICLE_ID,PICKUP_ADDRESS,DROPOFF_ADDRESS,REQUEST_DATETIME,START_DATETIME,END_DATETIME,INITIAL_FARE,DISCOUNT_AMOUNT,FINAL_FARE,RATING) values (54,100010,3000024,10,'34 Arrowood Pass','30890 Dottie Pass',to_date('15-jan-22 12:00:01','dd-mon-yy hh:mi:ss'),to_date('15-jan-22 11:18:55','dd-mon-yy hh:mi:ss'),to_date('15-jan-22 11:28:07','dd-mon-yy hh:mi:ss'),17,3.4,13.6,5);
Insert into RIDE (RIDE_ID,DRIVER_ID,RIDER_ID,VEHICLE_ID,PICKUP_ADDRESS,DROPOFF_ADDRESS,REQUEST_DATETIME,START_DATETIME,END_DATETIME,INITIAL_FARE,DISCOUNT_AMOUNT,FINAL_FARE,RATING) values (55,100033,3000016,1,'3 Rockefeller Street','14172 Montana Way',to_date('15-jan-22 12:00:01','dd-mon-yy hh:mi:ss'),to_date('15-jan-22 04:35:53','dd-mon-yy hh:mi:ss'),to_date('15-jan-22 04:50:11','dd-mon-yy hh:mi:ss'),6,null,6,5);
Insert into RIDE (RIDE_ID,DRIVER_ID,RIDER_ID,VEHICLE_ID,PICKUP_ADDRESS,DROPOFF_ADDRESS,REQUEST_DATETIME,START_DATETIME,END_DATETIME,INITIAL_FARE,DISCOUNT_AMOUNT,FINAL_FARE,RATING) values (56,100017,3000011,17,'89 Lindbergh Point','63726 Sullivan Terrace',to_date('15-jan-22 12:00:01','dd-mon-yy hh:mi:ss'),to_date('15-jan-22 02:27:45','dd-mon-yy hh:mi:ss'),to_date('15-jan-22 02:42:15','dd-mon-yy hh:mi:ss'),20,20,0,4);
Insert into RIDE (RIDE_ID,DRIVER_ID,RIDER_ID,VEHICLE_ID,PICKUP_ADDRESS,DROPOFF_ADDRESS,REQUEST_DATETIME,START_DATETIME,END_DATETIME,INITIAL_FARE,DISCOUNT_AMOUNT,FINAL_FARE,RATING) values (57,100022,3000063,22,'2 Schmedeman Junction','9906 Tomscot Road',to_date('15-jan-22 12:00:01','dd-mon-yy hh:mi:ss'),to_date('15-jan-22 11:34:28','dd-mon-yy hh:mi:ss'),to_date('15-jan-22 11:46:10','dd-mon-yy hh:mi:ss'),15,null,15,5);
Insert into RIDE (RIDE_ID,DRIVER_ID,RIDER_ID,VEHICLE_ID,PICKUP_ADDRESS,DROPOFF_ADDRESS,REQUEST_DATETIME,START_DATETIME,END_DATETIME,INITIAL_FARE,DISCOUNT_AMOUNT,FINAL_FARE,RATING) values (58,100010,3000067,10,'9906 Tomscot Road','8 Carpenter Park',to_date('16-jan-22 12:00:01','dd-mon-yy hh:mi:ss'),to_date('16-jan-22 09:12:51','dd-mon-yy hh:mi:ss'),to_date('16-jan-22 09:20:45','dd-mon-yy hh:mi:ss'),16,3.2,12.8,5);
Insert into RIDE (RIDE_ID,DRIVER_ID,RIDER_ID,VEHICLE_ID,PICKUP_ADDRESS,DROPOFF_ADDRESS,REQUEST_DATETIME,START_DATETIME,END_DATETIME,INITIAL_FARE,DISCOUNT_AMOUNT,FINAL_FARE,RATING) values (59,100022,3000051,22,'1709 Homewood Trail','319 Holy Cross Hill',to_date('16-jan-22 12:00:01','dd-mon-yy hh:mi:ss'),to_date('16-jan-22 11:38:11','dd-mon-yy hh:mi:ss'),to_date('16-jan-22 11:56:47','dd-mon-yy hh:mi:ss'),13,null,13,5);
Insert into RIDE (RIDE_ID,DRIVER_ID,RIDER_ID,VEHICLE_ID,PICKUP_ADDRESS,DROPOFF_ADDRESS,REQUEST_DATETIME,START_DATETIME,END_DATETIME,INITIAL_FARE,DISCOUNT_AMOUNT,FINAL_FARE,RATING) values (60,100020,3000015,11,'39 Arizona Court','98201 Warrior Center',to_date('16-jan-22 12:00:01','dd-mon-yy hh:mi:ss'),to_date('16-jan-22 03:31:44','dd-mon-yy hh:mi:ss'),to_date('16-jan-22 03:38:32','dd-mon-yy hh:mi:ss'),8,null,8,3);
Insert into RIDE (RIDE_ID,DRIVER_ID,RIDER_ID,VEHICLE_ID,PICKUP_ADDRESS,DROPOFF_ADDRESS,REQUEST_DATETIME,START_DATETIME,END_DATETIME,INITIAL_FARE,DISCOUNT_AMOUNT,FINAL_FARE,RATING) values (1,100004,3000051,4,'0537 American Place','319 Holy Cross Hill',to_date('01-jan-22 12:00:01','dd-mon-yy hh:mi:ss'),to_date('01-jan-22 06:27:56','dd-mon-yy hh:mi:ss'),to_date('01-jan-22 06:50:14','dd-mon-yy hh:mi:ss'),13,null,13,2);
Insert into RIDE (RIDE_ID,DRIVER_ID,RIDER_ID,VEHICLE_ID,PICKUP_ADDRESS,DROPOFF_ADDRESS,REQUEST_DATETIME,START_DATETIME,END_DATETIME,INITIAL_FARE,DISCOUNT_AMOUNT,FINAL_FARE,RATING) values (2,100013,3000041,13,'8 Dakota Court','63129 Ridgeway Trail',to_date('01-jan-22 12:00:01','dd-mon-yy hh:mi:ss'),to_date('01-jan-22 04:29:34','dd-mon-yy hh:mi:ss'),to_date('01-jan-22 04:42:22','dd-mon-yy hh:mi:ss'),10,null,10,5);
Insert into RIDE (RIDE_ID,DRIVER_ID,RIDER_ID,VEHICLE_ID,PICKUP_ADDRESS,DROPOFF_ADDRESS,REQUEST_DATETIME,START_DATETIME,END_DATETIME,INITIAL_FARE,DISCOUNT_AMOUNT,FINAL_FARE,RATING) values (3,100020,3000041,11,'63129 Ridgeway Trail','0537 American Place',to_date('02-jan-22 12:00:01','dd-mon-yy hh:mi:ss'),to_date('02-jan-22 09:40:39','dd-mon-yy hh:mi:ss'),to_date('02-jan-22 10:02:45','dd-mon-yy hh:mi:ss'),11,null,11,5);
Insert into RIDE (RIDE_ID,DRIVER_ID,RIDER_ID,VEHICLE_ID,PICKUP_ADDRESS,DROPOFF_ADDRESS,REQUEST_DATETIME,START_DATETIME,END_DATETIME,INITIAL_FARE,DISCOUNT_AMOUNT,FINAL_FARE,RATING) values (4,100012,3000062,12,'0 Johnson Pass','63726 Sullivan Terrace',to_date('02-jan-22 12:00:01','dd-mon-yy hh:mi:ss'),to_date('02-jan-22 03:58:17','dd-mon-yy hh:mi:ss'),to_date('02-jan-22 04:15:59','dd-mon-yy hh:mi:ss'),22,null,22,3);
Insert into RIDE (RIDE_ID,DRIVER_ID,RIDER_ID,VEHICLE_ID,PICKUP_ADDRESS,DROPOFF_ADDRESS,REQUEST_DATETIME,START_DATETIME,END_DATETIME,INITIAL_FARE,DISCOUNT_AMOUNT,FINAL_FARE,RATING) values (5,100034,3000063,34,'9867 Westport Avenue','294 Dennis Parkway',to_date('02-jan-22 12:00:01','dd-mon-yy hh:mi:ss'),to_date('02-jan-22 01:19:45','dd-mon-yy hh:mi:ss'),to_date('02-jan-22 01:28:57','dd-mon-yy hh:mi:ss'),7,0.7,6.3,4);
Insert into RIDE (RIDE_ID,DRIVER_ID,RIDER_ID,VEHICLE_ID,PICKUP_ADDRESS,DROPOFF_ADDRESS,REQUEST_DATETIME,START_DATETIME,END_DATETIME,INITIAL_FARE,DISCOUNT_AMOUNT,FINAL_FARE,RATING) values (6,100028,3000004,28,'9867 Westport Avenue','0396 Lindbergh Pass',to_date('04-jan-22 12:00:01','dd-mon-yy hh:mi:ss'),to_date('04-jan-22 10:33:30','dd-mon-yy hh:mi:ss'),to_date('04-jan-22 10:55:54','dd-mon-yy hh:mi:ss'),16,16,0,4);
Insert into RIDE (RIDE_ID,DRIVER_ID,RIDER_ID,VEHICLE_ID,PICKUP_ADDRESS,DROPOFF_ADDRESS,REQUEST_DATETIME,START_DATETIME,END_DATETIME,INITIAL_FARE,DISCOUNT_AMOUNT,FINAL_FARE,RATING) values (7,100013,3000067,13,'9906 Tomscot Road','19408 Kropf Avenue',to_date('04-jan-22 12:00:01','dd-mon-yy hh:mi:ss'),to_date('04-jan-22 09:58:45','dd-mon-yy hh:mi:ss'),to_date('04-jan-22 10:23:15','dd-mon-yy hh:mi:ss'),20,null,20,5);
Insert into RIDE (RIDE_ID,DRIVER_ID,RIDER_ID,VEHICLE_ID,PICKUP_ADDRESS,DROPOFF_ADDRESS,REQUEST_DATETIME,START_DATETIME,END_DATETIME,INITIAL_FARE,DISCOUNT_AMOUNT,FINAL_FARE,RATING) values (8,100021,3000025,21,'2 Holmberg Pass','48 Cordelia Hill',to_date('04-jan-22 12:00:01','dd-mon-yy hh:mi:ss'),to_date('04-jan-22 05:56:11','dd-mon-yy hh:mi:ss'),to_date('04-jan-22 06:16:05','dd-mon-yy hh:mi:ss'),13,13,0,5);

Insert into RIDE (RIDE_ID,DRIVER_ID,RIDER_ID,VEHICLE_ID,PICKUP_ADDRESS,DROPOFF_ADDRESS,REQUEST_DATETIME,START_DATETIME,END_DATETIME,INITIAL_FARE,DISCOUNT_AMOUNT,FINAL_FARE,RATING) values (9,100005,3000020,5,'73 Helena Road','0537 American Place',to_date('04-jan-22 12:00:01','dd-mon-yy hh:mi:ss'),to_date('04-jan-22 11:24:55','dd-mon-yy hh:mi:ss'),to_date('04-jan-22 11:35:07','dd-mon-yy hh:mi:ss'),17,17,0,3);
Insert into RIDE (RIDE_ID,DRIVER_ID,RIDER_ID,VEHICLE_ID,PICKUP_ADDRESS,DROPOFF_ADDRESS,REQUEST_DATETIME,START_DATETIME,END_DATETIME,INITIAL_FARE,DISCOUNT_AMOUNT,FINAL_FARE,RATING) values (10,100005,3000055,5,'2 La Follette Road','055 Pennsylvania Crossing',to_date('04-jan-22 12:00:01','dd-mon-yy hh:mi:ss'),to_date('04-jan-22 05:55:35','dd-mon-yy hh:mi:ss'),to_date('04-jan-22 06:19:29','dd-mon-yy hh:mi:ss'),16,null,16,5);
Insert into RIDE (RIDE_ID,DRIVER_ID,RIDER_ID,VEHICLE_ID,PICKUP_ADDRESS,DROPOFF_ADDRESS,REQUEST_DATETIME,START_DATETIME,END_DATETIME,INITIAL_FARE,DISCOUNT_AMOUNT,FINAL_FARE,RATING) values (11,100024,3000044,24,'99 Waubesa Plaza','30 Crescent Oaks Terrace',to_date('04-jan-22 12:00:01','dd-mon-yy hh:mi:ss'),to_date('04-jan-22 12:16:18','dd-mon-yy hh:mi:ss'),to_date('04-jan-22 12:32:24','dd-mon-yy hh:mi:ss'),6,null,6,5);
Insert into RIDE (RIDE_ID,DRIVER_ID,RIDER_ID,VEHICLE_ID,PICKUP_ADDRESS,DROPOFF_ADDRESS,REQUEST_DATETIME,START_DATETIME,END_DATETIME,INITIAL_FARE,DISCOUNT_AMOUNT,FINAL_FARE,RATING) values (12,100016,3000016,16,'3 Rockefeller Street','14172 Montana Way',to_date('05-jan-22 12:00:01','dd-mon-yy hh:mi:ss'),to_date('05-jan-22 07:25:46','dd-mon-yy hh:mi:ss'),to_date('05-jan-22 07:39:16','dd-mon-yy hh:mi:ss'),19,19,0,2);
Insert into RIDE (RIDE_ID,DRIVER_ID,RIDER_ID,VEHICLE_ID,PICKUP_ADDRESS,DROPOFF_ADDRESS,REQUEST_DATETIME,START_DATETIME,END_DATETIME,INITIAL_FARE,DISCOUNT_AMOUNT,FINAL_FARE,RATING) values (13,100012,3000059,12,'055 Pennsylvania Crossing','3659 Esch Court',to_date('05-jan-22 12:00:01','dd-mon-yy hh:mi:ss'),to_date('05-jan-22 05:55:20','dd-mon-yy hh:mi:ss'),to_date('05-jan-22 06:14:26','dd-mon-yy hh:mi:ss'),19,null,19,5);
Insert into RIDE (RIDE_ID,DRIVER_ID,RIDER_ID,VEHICLE_ID,PICKUP_ADDRESS,DROPOFF_ADDRESS,REQUEST_DATETIME,START_DATETIME,END_DATETIME,INITIAL_FARE,DISCOUNT_AMOUNT,FINAL_FARE,RATING) values (14,100006,3000072,6,'19408 Kropf Avenue','63903 Chive Drive',to_date('05-jan-22 12:00:01','dd-mon-yy hh:mi:ss'),to_date('05-jan-22 07:56:47','dd-mon-yy hh:mi:ss'),to_date('05-jan-22 08:12:59','dd-mon-yy hh:mi:ss'),22,null,22,5);
Insert into RIDE (RIDE_ID,DRIVER_ID,RIDER_ID,VEHICLE_ID,PICKUP_ADDRESS,DROPOFF_ADDRESS,REQUEST_DATETIME,START_DATETIME,END_DATETIME,INITIAL_FARE,DISCOUNT_AMOUNT,FINAL_FARE,RATING) values (15,100004,3000066,4,'8097 Marquette Plaza','95062 Continental Circle',to_date('05-jan-22 12:00:01','dd-mon-yy hh:mi:ss'),to_date('05-jan-22 11:23:20','dd-mon-yy hh:mi:ss'),to_date('05-jan-22 11:45:56','dd-mon-yy hh:mi:ss'),20,2,18,1);
Insert into RIDE (RIDE_ID,DRIVER_ID,RIDER_ID,VEHICLE_ID,PICKUP_ADDRESS,DROPOFF_ADDRESS,REQUEST_DATETIME,START_DATETIME,END_DATETIME,INITIAL_FARE,DISCOUNT_AMOUNT,FINAL_FARE,RATING) values (16,100015,3000065,15,'8 Carpenter Park','039 Delladonna Parkway',to_date('06-jan-22 12:00:01','dd-mon-yy hh:mi:ss'),to_date('06-jan-22 05:24:11','dd-mon-yy hh:mi:ss'),to_date('06-jan-22 05:44:35','dd-mon-yy hh:mi:ss'),13,null,13,5);
Insert into RIDE (RIDE_ID,DRIVER_ID,RIDER_ID,VEHICLE_ID,PICKUP_ADDRESS,DROPOFF_ADDRESS,REQUEST_DATETIME,START_DATETIME,END_DATETIME,INITIAL_FARE,DISCOUNT_AMOUNT,FINAL_FARE,RATING) values (17,100029,3000066,29,'8 Carpenter Park','95062 Continental Circle',to_date('06-jan-22 12:00:01','dd-mon-yy hh:mi:ss'),to_date('06-jan-22 01:37:26','dd-mon-yy hh:mi:ss'),to_date('06-jan-22 01:46:44','dd-mon-yy hh:mi:ss'),27,null,27,3);
Insert into RIDE (RIDE_ID,DRIVER_ID,RIDER_ID,VEHICLE_ID,PICKUP_ADDRESS,DROPOFF_ADDRESS,REQUEST_DATETIME,START_DATETIME,END_DATETIME,INITIAL_FARE,DISCOUNT_AMOUNT,FINAL_FARE,RATING) values (18,100017,3000041,17,'11 Prairie Rose Way','8 Carpenter Park',to_date('06-jan-22 12:00:01','dd-mon-yy hh:mi:ss'),to_date('06-jan-22 05:45:10','dd-mon-yy hh:mi:ss'),to_date('06-jan-22 06:06:58','dd-mon-yy hh:mi:ss'),11,null,11,5);
Insert into RIDE (RIDE_ID,DRIVER_ID,RIDER_ID,VEHICLE_ID,PICKUP_ADDRESS,DROPOFF_ADDRESS,REQUEST_DATETIME,START_DATETIME,END_DATETIME,INITIAL_FARE,DISCOUNT_AMOUNT,FINAL_FARE,RATING) values (19,100033,3000032,1,'2 Schmedeman Junction','89 Lindbergh Point',to_date('07-jan-22 12:00:01','dd-mon-yy hh:mi:ss'),to_date('07-jan-22 08:53:25','dd-mon-yy hh:mi:ss'),to_date('07-jan-22 09:12:31','dd-mon-yy hh:mi:ss'),22,null,22,4);
Insert into RIDE (RIDE_ID,DRIVER_ID,RIDER_ID,VEHICLE_ID,PICKUP_ADDRESS,DROPOFF_ADDRESS,REQUEST_DATETIME,START_DATETIME,END_DATETIME,INITIAL_FARE,DISCOUNT_AMOUNT,FINAL_FARE,RATING) values (20,100009,3000042,9,'2 Schmedeman Junction','3500 Knutson Park',to_date('07-jan-22 12:00:01','dd-mon-yy hh:mi:ss'),to_date('07-jan-22 11:24:17','dd-mon-yy hh:mi:ss'),to_date('07-jan-22 11:40:23','dd-mon-yy hh:mi:ss'),7,null,7,5);
Insert into RIDE (RIDE_ID,DRIVER_ID,RIDER_ID,VEHICLE_ID,PICKUP_ADDRESS,DROPOFF_ADDRESS,REQUEST_DATETIME,START_DATETIME,END_DATETIME,INITIAL_FARE,DISCOUNT_AMOUNT,FINAL_FARE,RATING) values (21,100029,3000010,29,'7246 Maryland Road','8817 Briar Crest Place',to_date('07-jan-22 12:00:01','dd-mon-yy hh:mi:ss'),to_date('07-jan-22 04:38:52','dd-mon-yy hh:mi:ss'),to_date('07-jan-22 04:49:34','dd-mon-yy hh:mi:ss'),10,3,7,3);
Insert into RIDE (RIDE_ID,DRIVER_ID,RIDER_ID,VEHICLE_ID,PICKUP_ADDRESS,DROPOFF_ADDRESS,REQUEST_DATETIME,START_DATETIME,END_DATETIME,INITIAL_FARE,DISCOUNT_AMOUNT,FINAL_FARE,RATING) values (22,100020,3000058,11,'39 Fisk Park','0 Johnson Pass',to_date('08-jan-22 12:00:01','dd-mon-yy hh:mi:ss'),to_date('08-jan-22 07:42:57','dd-mon-yy hh:mi:ss'),to_date('08-jan-22 08:02:39','dd-mon-yy hh:mi:ss'),27,null,27,4);
Insert into RIDE (RIDE_ID,DRIVER_ID,RIDER_ID,VEHICLE_ID,PICKUP_ADDRESS,DROPOFF_ADDRESS,REQUEST_DATETIME,START_DATETIME,END_DATETIME,INITIAL_FARE,DISCOUNT_AMOUNT,FINAL_FARE,RATING) values (23,100007,3000030,7,'11 Fairfield Terrace','64 Calypso Pass',to_date('08-jan-22 12:00:01','dd-mon-yy hh:mi:ss'),to_date('08-jan-22 11:33:54','dd-mon-yy hh:mi:ss'),to_date('08-jan-22 11:49:24','dd-mon-yy hh:mi:ss'),12,null,12,4);

Insert into RIDE (RIDE_ID,DRIVER_ID,RIDER_ID,VEHICLE_ID,PICKUP_ADDRESS,DROPOFF_ADDRESS,REQUEST_DATETIME,START_DATETIME,END_DATETIME,INITIAL_FARE,DISCOUNT_AMOUNT,FINAL_FARE,RATING) values (24,100001,3000026,1,'09721 Lerdahl Drive','70 Blaine Lane',to_date('09-jan-22 12:00:01','dd-mon-yy hh:mi:ss'),to_date('09-jan-22 04:53:11','dd-mon-yy hh:mi:ss'),to_date('09-jan-22 05:03:29','dd-mon-yy hh:mi:ss'),11,null,11,3);
Insert into RIDE (RIDE_ID,DRIVER_ID,RIDER_ID,VEHICLE_ID,PICKUP_ADDRESS,DROPOFF_ADDRESS,REQUEST_DATETIME,START_DATETIME,END_DATETIME,INITIAL_FARE,DISCOUNT_AMOUNT,FINAL_FARE,RATING) values (25,100012,3000045,12,'38708 Bunker Hill Alley','77833 Holmberg Drive',to_date('09-jan-22 12:00:01','dd-mon-yy hh:mi:ss'),to_date('09-jan-22 01:46:43','dd-mon-yy hh:mi:ss'),to_date('09-jan-22 02:04:25','dd-mon-yy hh:mi:ss'),7,null,7,4);
Insert into RIDE (RIDE_ID,DRIVER_ID,RIDER_ID,VEHICLE_ID,PICKUP_ADDRESS,DROPOFF_ADDRESS,REQUEST_DATETIME,START_DATETIME,END_DATETIME,INITIAL_FARE,DISCOUNT_AMOUNT,FINAL_FARE,RATING) values (26,100022,3000060,22,'997 Mandrake Road','52 Muir Point',to_date('09-jan-22 12:00:01','dd-mon-yy hh:mi:ss'),to_date('09-jan-22 11:37:59','dd-mon-yy hh:mi:ss'),to_date('09-jan-22 11:44:29','dd-mon-yy hh:mi:ss'),21,null,21,2);
Insert into RIDE (RIDE_ID,DRIVER_ID,RIDER_ID,VEHICLE_ID,PICKUP_ADDRESS,DROPOFF_ADDRESS,REQUEST_DATETIME,START_DATETIME,END_DATETIME,INITIAL_FARE,DISCOUNT_AMOUNT,FINAL_FARE,RATING) values (27,100010,3000066,10,'11 Prairie Rose Way','95062 Continental Circle',to_date('09-jan-22 12:00:01','dd-mon-yy hh:mi:ss'),to_date('09-jan-22 09:51:37','dd-mon-yy hh:mi:ss'),to_date('09-jan-22 10:09:07','dd-mon-yy hh:mi:ss'),14,null,14,5);
Insert into RIDE (RIDE_ID,DRIVER_ID,RIDER_ID,VEHICLE_ID,PICKUP_ADDRESS,DROPOFF_ADDRESS,REQUEST_DATETIME,START_DATETIME,END_DATETIME,INITIAL_FARE,DISCOUNT_AMOUNT,FINAL_FARE,RATING) values (28,100025,3000057,25,'3 Rockefeller Street','3 Iowa Street',to_date('09-jan-22 12:00:01','dd-mon-yy hh:mi:ss'),to_date('09-jan-22 01:27:30','dd-mon-yy hh:mi:ss'),to_date('09-jan-22 01:36:06','dd-mon-yy hh:mi:ss'),6,null,6,4);
Insert into RIDE (RIDE_ID,DRIVER_ID,RIDER_ID,VEHICLE_ID,PICKUP_ADDRESS,DROPOFF_ADDRESS,REQUEST_DATETIME,START_DATETIME,END_DATETIME,INITIAL_FARE,DISCOUNT_AMOUNT,FINAL_FARE,RATING) values (29,100021,3000061,21,'8 Carpenter Park','49249 Westend Circle',to_date('10-jan-22 12:00:01','dd-mon-yy hh:mi:ss'),to_date('10-jan-22 01:57:21','dd-mon-yy hh:mi:ss'),to_date('10-jan-22 02:21:45','dd-mon-yy hh:mi:ss'),15,null,15,3);
Insert into RIDE (RIDE_ID,DRIVER_ID,RIDER_ID,VEHICLE_ID,PICKUP_ADDRESS,DROPOFF_ADDRESS,REQUEST_DATETIME,START_DATETIME,END_DATETIME,INITIAL_FARE,DISCOUNT_AMOUNT,FINAL_FARE,RATING) values (30,100024,3000064,24,'4348 Spenser Trail','7787 Annamark Drive',to_date('10-jan-22 12:00:01','dd-mon-yy hh:mi:ss'),to_date('10-jan-22 05:53:39','dd-mon-yy hh:mi:ss'),to_date('10-jan-22 06:17:15','dd-mon-yy hh:mi:ss'),11,null,11,4);
Insert into RIDE (RIDE_ID,DRIVER_ID,RIDER_ID,VEHICLE_ID,PICKUP_ADDRESS,DROPOFF_ADDRESS,REQUEST_DATETIME,START_DATETIME,END_DATETIME,INITIAL_FARE,DISCOUNT_AMOUNT,FINAL_FARE,RATING) values (31,100025,3000032,25,'8 Carpenter Park','6 Hazelcrest Parkway',to_date('10-jan-22 12:00:01','dd-mon-yy hh:mi:ss'),to_date('10-jan-22 09:13:16','dd-mon-yy hh:mi:ss'),to_date('10-jan-22 09:37:34','dd-mon-yy hh:mi:ss'),20,null,20,5);
Insert into RIDE (RIDE_ID,DRIVER_ID,RIDER_ID,VEHICLE_ID,PICKUP_ADDRESS,DROPOFF_ADDRESS,REQUEST_DATETIME,START_DATETIME,END_DATETIME,INITIAL_FARE,DISCOUNT_AMOUNT,FINAL_FARE,RATING) values (32,100013,3000002,13,'7 Park Meadow Parkway','3 Rockefeller Street',to_date('10-jan-22 12:00:01','dd-mon-yy hh:mi:ss'),to_date('10-jan-22 02:12:34','dd-mon-yy hh:mi:ss'),to_date('10-jan-22 02:35:46','dd-mon-yy hh:mi:ss'),19,19,0,2);
Insert into RIDE (RIDE_ID,DRIVER_ID,RIDER_ID,VEHICLE_ID,PICKUP_ADDRESS,DROPOFF_ADDRESS,REQUEST_DATETIME,START_DATETIME,END_DATETIME,INITIAL_FARE,DISCOUNT_AMOUNT,FINAL_FARE,RATING) values (33,100001,3000063,1,'99 Waubesa Plaza','4 American Ash Crossing',to_date('10-jan-22 12:00:01','dd-mon-yy hh:mi:ss'),to_date('10-jan-22 03:33:50','dd-mon-yy hh:mi:ss'),to_date('10-jan-22 03:59:14','dd-mon-yy hh:mi:ss'),8,null,8,4);
Insert into RIDE (RIDE_ID,DRIVER_ID,RIDER_ID,VEHICLE_ID,PICKUP_ADDRESS,DROPOFF_ADDRESS,REQUEST_DATETIME,START_DATETIME,END_DATETIME,INITIAL_FARE,DISCOUNT_AMOUNT,FINAL_FARE,RATING) values (34,100018,3000049,18,'8 Carpenter Park','11 Prairie Rose Way',to_date('10-jan-22 12:00:01','dd-mon-yy hh:mi:ss'),to_date('10-jan-22 06:55:35','dd-mon-yy hh:mi:ss'),to_date('10-jan-22 07:08:05','dd-mon-yy hh:mi:ss'),6,null,6,5);
Insert into RIDE (RIDE_ID,DRIVER_ID,RIDER_ID,VEHICLE_ID,PICKUP_ADDRESS,DROPOFF_ADDRESS,REQUEST_DATETIME,START_DATETIME,END_DATETIME,INITIAL_FARE,DISCOUNT_AMOUNT,FINAL_FARE,RATING) values (35,100026,3000019,26,'997 Mandrake Road','35 Gale Hill',to_date('10-jan-22 12:00:01','dd-mon-yy hh:mi:ss'),to_date('10-jan-22 01:52:59','dd-mon-yy hh:mi:ss'),to_date('10-jan-22 02:05:35','dd-mon-yy hh:mi:ss'),11,2.2,8.8,3);
Insert into RIDE (RIDE_ID,DRIVER_ID,RIDER_ID,VEHICLE_ID,PICKUP_ADDRESS,DROPOFF_ADDRESS,REQUEST_DATETIME,START_DATETIME,END_DATETIME,INITIAL_FARE,DISCOUNT_AMOUNT,FINAL_FARE,RATING) values (36,100012,3000035,12,'8 Carpenter Park','025 Toban Drive',to_date('11-jan-22 12:00:01','dd-mon-yy hh:mi:ss'),to_date('11-jan-22 06:44:31','dd-mon-yy hh:mi:ss'),to_date('11-jan-22 07:07:55','dd-mon-yy hh:mi:ss'),26,null,26,5);

Insert into RIDE (RIDE_ID,DRIVER_ID,RIDER_ID,VEHICLE_ID,PICKUP_ADDRESS,DROPOFF_ADDRESS,REQUEST_DATETIME,START_DATETIME,END_DATETIME,INITIAL_FARE,DISCOUNT_AMOUNT,FINAL_FARE,RATING) values (37,100024,3000001,24,'24 Oxford Pass','7 Welch Junction',to_date('11-jan-22 12:00:01','dd-mon-yy hh:mi:ss'),to_date('11-jan-22 02:55:14','dd-mon-yy hh:mi:ss'),to_date('11-jan-22 03:09:44','dd-mon-yy hh:mi:ss'),12,12,0,1);
Insert into RIDE (RIDE_ID,DRIVER_ID,RIDER_ID,VEHICLE_ID,PICKUP_ADDRESS,DROPOFF_ADDRESS,REQUEST_DATETIME,START_DATETIME,END_DATETIME,INITIAL_FARE,DISCOUNT_AMOUNT,FINAL_FARE,RATING) values (38,100006,3000006,6,'78 Logan Junction','67 Valley Edge Pass',to_date('11-jan-22 12:00:01','dd-mon-yy hh:mi:ss'),to_date('11-jan-22 12:54:16','dd-mon-yy hh:mi:ss'),to_date('11-jan-22 12:59:58','dd-mon-yy hh:mi:ss'),16,8,8,4);
Insert into RIDE (RIDE_ID,DRIVER_ID,RIDER_ID,VEHICLE_ID,PICKUP_ADDRESS,DROPOFF_ADDRESS,REQUEST_DATETIME,START_DATETIME,END_DATETIME,INITIAL_FARE,DISCOUNT_AMOUNT,FINAL_FARE,RATING) values (39,100018,3000051,18,'11 Prairie Rose Way','8 Carpenter Park',to_date('11-jan-22 12:00:01','dd-mon-yy hh:mi:ss'),to_date('11-jan-22 04:33:45','dd-mon-yy hh:mi:ss'),to_date('11-jan-22 04:52:51','dd-mon-yy hh:mi:ss'),30,7.5,22.5,5);
Insert into RIDE (RIDE_ID,DRIVER_ID,RIDER_ID,VEHICLE_ID,PICKUP_ADDRESS,DROPOFF_ADDRESS,REQUEST_DATETIME,START_DATETIME,END_DATETIME,INITIAL_FARE,DISCOUNT_AMOUNT,FINAL_FARE,RATING) values (40,100024,3000052,24,'2 Schmedeman Junction','28 Hanson Pass',to_date('11-jan-22 12:00:01','dd-mon-yy hh:mi:ss'),to_date('11-jan-22 01:51:31','dd-mon-yy hh:mi:ss'),to_date('11-jan-22 02:13:13','dd-mon-yy hh:mi:ss'),8,null,8,3);
Insert into RIDE (RIDE_ID,DRIVER_ID,RIDER_ID,VEHICLE_ID,PICKUP_ADDRESS,DROPOFF_ADDRESS,REQUEST_DATETIME,START_DATETIME,END_DATETIME,INITIAL_FARE,DISCOUNT_AMOUNT,FINAL_FARE,RATING) values (41,100006,3000031,6,'9831 Dexter Circle','47797 Mccormick Court',to_date('12-jan-22 12:00:01','dd-mon-yy hh:mi:ss'),to_date('12-jan-22 04:20:13','dd-mon-yy hh:mi:ss'),to_date('12-jan-22 04:42:19','dd-mon-yy hh:mi:ss'),16,null,16,5);
Insert into RIDE (RIDE_ID,DRIVER_ID,RIDER_ID,VEHICLE_ID,PICKUP_ADDRESS,DROPOFF_ADDRESS,REQUEST_DATETIME,START_DATETIME,END_DATETIME,INITIAL_FARE,DISCOUNT_AMOUNT,FINAL_FARE,RATING) values (42,100019,3000013,19,'1709 Homewood Trail','447 Sutherland Junction',to_date('12-jan-22 12:00:01','dd-mon-yy hh:mi:ss'),to_date('12-jan-22 02:52:50','dd-mon-yy hh:mi:ss'),to_date('12-jan-22 03:11:08','dd-mon-yy hh:mi:ss'),5,1.5,3.5,5);
Insert into RIDE (RIDE_ID,DRIVER_ID,RIDER_ID,VEHICLE_ID,PICKUP_ADDRESS,DROPOFF_ADDRESS,REQUEST_DATETIME,START_DATETIME,END_DATETIME,INITIAL_FARE,DISCOUNT_AMOUNT,FINAL_FARE,RATING) values (43,100015,3000034,15,'75285 Columbus Court','1709 Homewood Trail',to_date('12-jan-22 12:00:01','dd-mon-yy hh:mi:ss'),to_date('12-jan-22 02:23:19','dd-mon-yy hh:mi:ss'),to_date('12-jan-22 02:48:55','dd-mon-yy hh:mi:ss'),20,20,0,2);
Insert into RIDE (RIDE_ID,DRIVER_ID,RIDER_ID,VEHICLE_ID,PICKUP_ADDRESS,DROPOFF_ADDRESS,REQUEST_DATETIME,START_DATETIME,END_DATETIME,INITIAL_FARE,DISCOUNT_AMOUNT,FINAL_FARE,RATING) values (44,100009,3000009,9,'64 Calypso Pass','5 Texas Center',to_date('12-jan-22 12:00:01','dd-mon-yy hh:mi:ss'),to_date('12-jan-22 05:11:34','dd-mon-yy hh:mi:ss'),to_date('12-jan-22 05:23:58','dd-mon-yy hh:mi:ss'),6,3,3,5);
Insert into RIDE (RIDE_ID,DRIVER_ID,RIDER_ID,VEHICLE_ID,PICKUP_ADDRESS,DROPOFF_ADDRESS,REQUEST_DATETIME,START_DATETIME,END_DATETIME,INITIAL_FARE,DISCOUNT_AMOUNT,FINAL_FARE,RATING) values (45,100024,3000028,24,'7 Donald Way','2 Holmberg Pass',to_date('12-jan-22 12:00:01','dd-mon-yy hh:mi:ss'),to_date('12-jan-22 04:32:52','dd-mon-yy hh:mi:ss'),to_date('12-jan-22 04:50:46','dd-mon-yy hh:mi:ss'),15,null,15,5);
Insert into RIDE (RIDE_ID,DRIVER_ID,RIDER_ID,VEHICLE_ID,PICKUP_ADDRESS,DROPOFF_ADDRESS,REQUEST_DATETIME,START_DATETIME,END_DATETIME,INITIAL_FARE,DISCOUNT_AMOUNT,FINAL_FARE,RATING) values (46,100024,3000032,24,'5 Texas Center','7 Park Meadow Parkway',to_date('13-jan-22 12:00:01','dd-mon-yy hh:mi:ss'),to_date('13-jan-22 03:57:49','dd-mon-yy hh:mi:ss'),to_date('13-jan-22 04:06:13','dd-mon-yy hh:mi:ss'),9,null,9,3);
Insert into RIDE (RIDE_ID,DRIVER_ID,RIDER_ID,VEHICLE_ID,PICKUP_ADDRESS,DROPOFF_ADDRESS,REQUEST_DATETIME,START_DATETIME,END_DATETIME,INITIAL_FARE,DISCOUNT_AMOUNT,FINAL_FARE,RATING) values (47,100007,3000062,7,'190 Fair Oaks Way','8 Carpenter Park',to_date('13-jan-22 12:00:01','dd-mon-yy hh:mi:ss'),to_date('13-jan-22 09:27:10','dd-mon-yy hh:mi:ss'),to_date('13-jan-22 09:51:58','dd-mon-yy hh:mi:ss'),9,null,9,4);
Insert into RIDE (RIDE_ID,DRIVER_ID,RIDER_ID,VEHICLE_ID,PICKUP_ADDRESS,DROPOFF_ADDRESS,REQUEST_DATETIME,START_DATETIME,END_DATETIME,INITIAL_FARE,DISCOUNT_AMOUNT,FINAL_FARE,RATING) values (48,100017,3000050,17,'77833 Holmberg Drive','2 La Follette Road',to_date('13-jan-22 12:00:01','dd-mon-yy hh:mi:ss'),to_date('13-jan-22 02:26:56','dd-mon-yy hh:mi:ss'),to_date('13-jan-22 02:37:02','dd-mon-yy hh:mi:ss'),13,null,13,5);
Insert into RIDE (RIDE_ID,DRIVER_ID,RIDER_ID,VEHICLE_ID,PICKUP_ADDRESS,DROPOFF_ADDRESS,REQUEST_DATETIME,START_DATETIME,END_DATETIME,INITIAL_FARE,DISCOUNT_AMOUNT,FINAL_FARE,RATING) values (49,100017,3000051,17,'8 Carpenter Park','319 Holy Cross Hill',to_date('14-jan-22 12:00:01','dd-mon-yy hh:mi:ss'),to_date('14-jan-22 01:20:53','dd-mon-yy hh:mi:ss'),to_date('14-jan-22 01:26:59','dd-mon-yy hh:mi:ss'),12,null,12,1);
Insert into RIDE (RIDE_ID,DRIVER_ID,RIDER_ID,VEHICLE_ID,PICKUP_ADDRESS,DROPOFF_ADDRESS,REQUEST_DATETIME,START_DATETIME,END_DATETIME,INITIAL_FARE,DISCOUNT_AMOUNT,FINAL_FARE,RATING) values (50,100031,3000041,31,'1 Sunfield Lane','63129 Ridgeway Trail',to_date('14-jan-22 12:00:01','dd-mon-yy hh:mi:ss'),to_date('14-jan-22 06:43:20','dd-mon-yy hh:mi:ss'),to_date('14-jan-22 07:00:38','dd-mon-yy hh:mi:ss'),15,null,15,5);

Insert into RIDE (RIDE_ID,DRIVER_ID,RIDER_ID,VEHICLE_ID,PICKUP_ADDRESS,DROPOFF_ADDRESS,REQUEST_DATETIME,START_DATETIME,END_DATETIME,INITIAL_FARE,DISCOUNT_AMOUNT,FINAL_FARE,RATING) values (51,100015,3000019,15,'70 Blaine Lane','35 Gale Hill',to_date('14-jan-22 12:00:01','dd-mon-yy hh:mi:ss'),to_date('14-jan-22 10:47:24','dd-mon-yy hh:mi:ss'),to_date('14-jan-22 10:56:42','dd-mon-yy hh:mi:ss'),16,null,16,1);
Insert into RIDE (RIDE_ID,DRIVER_ID,RIDER_ID,VEHICLE_ID,PICKUP_ADDRESS,DROPOFF_ADDRESS,REQUEST_DATETIME,START_DATETIME,END_DATETIME,INITIAL_FARE,DISCOUNT_AMOUNT,FINAL_FARE,RATING) values (61,100004,3000045,4,'54 Sommers Park','979 Artisan Park',to_date('17-jan-22 12:00:01','dd-mon-yy hh:mi:ss'),to_date('17-jan-22 02:14:48','dd-mon-yy hh:mi:ss'),to_date('17-jan-22 02:40:12','dd-mon-yy hh:mi:ss'),11,null,11,5);
Insert into RIDE (RIDE_ID,DRIVER_ID,RIDER_ID,VEHICLE_ID,PICKUP_ADDRESS,DROPOFF_ADDRESS,REQUEST_DATETIME,START_DATETIME,END_DATETIME,INITIAL_FARE,DISCOUNT_AMOUNT,FINAL_FARE,RATING) values (62,100024,3000045,24,'8 Carpenter Park','5736 Melody Parkway',to_date('17-jan-22 12:00:01','dd-mon-yy hh:mi:ss'),to_date('17-jan-22 02:15:26','dd-mon-yy hh:mi:ss'),to_date('17-jan-22 02:40:14','dd-mon-yy hh:mi:ss'),13,null,13,4);
Insert into RIDE (RIDE_ID,DRIVER_ID,RIDER_ID,VEHICLE_ID,PICKUP_ADDRESS,DROPOFF_ADDRESS,REQUEST_DATETIME,START_DATETIME,END_DATETIME,INITIAL_FARE,DISCOUNT_AMOUNT,FINAL_FARE,RATING) values (63,100016,3000010,16,'025 Toban Drive','54 Sommers Park',to_date('17-jan-22 12:00:01','dd-mon-yy hh:mi:ss'),to_date('17-jan-22 03:24:46','dd-mon-yy hh:mi:ss'),to_date('17-jan-22 03:30:10','dd-mon-yy hh:mi:ss'),18,null,18,5);
Insert into RIDE (RIDE_ID,DRIVER_ID,RIDER_ID,VEHICLE_ID,PICKUP_ADDRESS,DROPOFF_ADDRESS,REQUEST_DATETIME,START_DATETIME,END_DATETIME,INITIAL_FARE,DISCOUNT_AMOUNT,FINAL_FARE,RATING) values (64,100024,3000025,24,'5326 Grasskamp Parkway','48 Cordelia Hill',to_date('18-jan-22 12:00:01','dd-mon-yy hh:mi:ss'),to_date('18-jan-22 05:44:42','dd-mon-yy hh:mi:ss'),to_date('18-jan-22 05:53:54','dd-mon-yy hh:mi:ss'),11,null,11,5);
Insert into RIDE (RIDE_ID,DRIVER_ID,RIDER_ID,VEHICLE_ID,PICKUP_ADDRESS,DROPOFF_ADDRESS,REQUEST_DATETIME,START_DATETIME,END_DATETIME,INITIAL_FARE,DISCOUNT_AMOUNT,FINAL_FARE,RATING) values (65,100010,3000031,10,'6 Hanover Point','7 Donald Way',to_date('18-jan-22 12:00:01','dd-mon-yy hh:mi:ss'),to_date('18-jan-22 09:58:40','dd-mon-yy hh:mi:ss'),to_date('18-jan-22 10:15:22','dd-mon-yy hh:mi:ss'),11,null,11,4);
Insert into RIDE (RIDE_ID,DRIVER_ID,RIDER_ID,VEHICLE_ID,PICKUP_ADDRESS,DROPOFF_ADDRESS,REQUEST_DATETIME,START_DATETIME,END_DATETIME,INITIAL_FARE,DISCOUNT_AMOUNT,FINAL_FARE,RATING) values (66,100016,3000060,16,'025 Toban Drive','52 Muir Point',to_date('18-jan-22 12:00:01','dd-mon-yy hh:mi:ss'),to_date('18-jan-22 04:33:21','dd-mon-yy hh:mi:ss'),to_date('18-jan-22 04:56:27','dd-mon-yy hh:mi:ss'),17,null,17,5);
Insert into RIDE (RIDE_ID,DRIVER_ID,RIDER_ID,VEHICLE_ID,PICKUP_ADDRESS,DROPOFF_ADDRESS,REQUEST_DATETIME,START_DATETIME,END_DATETIME,INITIAL_FARE,DISCOUNT_AMOUNT,FINAL_FARE,RATING) values (67,100019,3000001,19,'2 Schmedeman Junction','7 Welch Junction',to_date('18-jan-22 12:00:01','dd-mon-yy hh:mi:ss'),to_date('18-jan-22 02:25:40','dd-mon-yy hh:mi:ss'),to_date('18-jan-22 02:37:34','dd-mon-yy hh:mi:ss'),6,null,6,5);
Insert into RIDE (RIDE_ID,DRIVER_ID,RIDER_ID,VEHICLE_ID,PICKUP_ADDRESS,DROPOFF_ADDRESS,REQUEST_DATETIME,START_DATETIME,END_DATETIME,INITIAL_FARE,DISCOUNT_AMOUNT,FINAL_FARE,RATING) values (68,100023,3000067,23,'45773 Twin Pines Plaza','7 Park Meadow Parkway',to_date('18-jan-22 12:00:01','dd-mon-yy hh:mi:ss'),to_date('18-jan-22 08:44:43','dd-mon-yy hh:mi:ss'),to_date('18-jan-22 08:57:19','dd-mon-yy hh:mi:ss'),5,null,5,5);
Insert into RIDE (RIDE_ID,DRIVER_ID,RIDER_ID,VEHICLE_ID,PICKUP_ADDRESS,DROPOFF_ADDRESS,REQUEST_DATETIME,START_DATETIME,END_DATETIME,INITIAL_FARE,DISCOUNT_AMOUNT,FINAL_FARE,RATING) values (69,100018,3000007,18,'11 Prairie Rose Way','4 Michigan Pass',to_date('19-jan-22 12:00:01','dd-mon-yy hh:mi:ss'),to_date('19-jan-22 07:41:50','dd-mon-yy hh:mi:ss'),to_date('19-jan-22 07:58:44','dd-mon-yy hh:mi:ss'),20,null,20,4);
Insert into RIDE (RIDE_ID,DRIVER_ID,RIDER_ID,VEHICLE_ID,PICKUP_ADDRESS,DROPOFF_ADDRESS,REQUEST_DATETIME,START_DATETIME,END_DATETIME,INITIAL_FARE,DISCOUNT_AMOUNT,FINAL_FARE,RATING) values (70,100006,3000001,6,'8127 Cody Pass','7 Welch Junction',to_date('19-jan-22 12:00:01','dd-mon-yy hh:mi:ss'),to_date('19-jan-22 07:59:17','dd-mon-yy hh:mi:ss'),to_date('19-jan-22 08:04:35','dd-mon-yy hh:mi:ss'),18,null,18,5);
Insert into RIDE (RIDE_ID,DRIVER_ID,RIDER_ID,VEHICLE_ID,PICKUP_ADDRESS,DROPOFF_ADDRESS,REQUEST_DATETIME,START_DATETIME,END_DATETIME,INITIAL_FARE,DISCOUNT_AMOUNT,FINAL_FARE,RATING) values (71,100010,3000017,10,'604 Eastwood Pass','8 Carpenter Park',to_date('19-jan-22 12:00:01','dd-mon-yy hh:mi:ss'),to_date('19-jan-22 05:46:47','dd-mon-yy hh:mi:ss'),to_date('19-jan-22 06:11:23','dd-mon-yy hh:mi:ss'),12,3.6,8.4,5);
Insert into RIDE (RIDE_ID,DRIVER_ID,RIDER_ID,VEHICLE_ID,PICKUP_ADDRESS,DROPOFF_ADDRESS,REQUEST_DATETIME,START_DATETIME,END_DATETIME,INITIAL_FARE,DISCOUNT_AMOUNT,FINAL_FARE,RATING) values (72,100009,3000041,9,'3 Rockefeller Street','63129 Ridgeway Trail',to_date('19-jan-22 12:00:01','dd-mon-yy hh:mi:ss'),to_date('19-jan-22 02:16:37','dd-mon-yy hh:mi:ss'),to_date('19-jan-22 02:37:31','dd-mon-yy hh:mi:ss'),20,null,20,2);
Insert into RIDE (RIDE_ID,DRIVER_ID,RIDER_ID,VEHICLE_ID,PICKUP_ADDRESS,DROPOFF_ADDRESS,REQUEST_DATETIME,START_DATETIME,END_DATETIME,INITIAL_FARE,DISCOUNT_AMOUNT,FINAL_FARE,RATING) values (73,100015,3000001,15,'8127 Cody Pass','7 Welch Junction',to_date('19-jan-22 12:00:01','dd-mon-yy hh:mi:ss'),to_date('19-jan-22 06:46:21','dd-mon-yy hh:mi:ss'),to_date('19-jan-22 07:11:15','dd-mon-yy hh:mi:ss'),17,null,17,4);
Insert into RIDE (RIDE_ID,DRIVER_ID,RIDER_ID,VEHICLE_ID,PICKUP_ADDRESS,DROPOFF_ADDRESS,REQUEST_DATETIME,START_DATETIME,END_DATETIME,INITIAL_FARE,DISCOUNT_AMOUNT,FINAL_FARE,RATING) values (74,100024,3000007,24,'11 Prairie Rose Way','4 Michigan Pass',to_date('20-jan-22 12:00:01','dd-mon-yy hh:mi:ss'),to_date('20-jan-22 05:39:37','dd-mon-yy hh:mi:ss'),to_date('20-jan-22 05:51:43','dd-mon-yy hh:mi:ss'),20,null,20,2);

Insert into RIDE (RIDE_ID,DRIVER_ID,RIDER_ID,VEHICLE_ID,PICKUP_ADDRESS,DROPOFF_ADDRESS,REQUEST_DATETIME,START_DATETIME,END_DATETIME,INITIAL_FARE,DISCOUNT_AMOUNT,FINAL_FARE,RATING) values (75,100008,3000022,8,'1709 Homewood Trail','19408 Kropf Avenue',to_date('20-jan-22 12:00:01','dd-mon-yy hh:mi:ss'),to_date('20-jan-22 06:16:49','dd-mon-yy hh:mi:ss'),to_date('20-jan-22 06:35:25','dd-mon-yy hh:mi:ss'),17,8.5,8.5,4);
Insert into RIDE (RIDE_ID,DRIVER_ID,RIDER_ID,VEHICLE_ID,PICKUP_ADDRESS,DROPOFF_ADDRESS,REQUEST_DATETIME,START_DATETIME,END_DATETIME,INITIAL_FARE,DISCOUNT_AMOUNT,FINAL_FARE,RATING) values (76,100003,3000059,3,'5326 Grasskamp Parkway','8 Carpenter Park',to_date('21-jan-22 12:00:01','dd-mon-yy hh:mi:ss'),to_date('21-jan-22 01:31:52','dd-mon-yy hh:mi:ss'),to_date('21-jan-22 01:46:58','dd-mon-yy hh:mi:ss'),15,null,15,5);
Insert into RIDE (RIDE_ID,DRIVER_ID,RIDER_ID,VEHICLE_ID,PICKUP_ADDRESS,DROPOFF_ADDRESS,REQUEST_DATETIME,START_DATETIME,END_DATETIME,INITIAL_FARE,DISCOUNT_AMOUNT,FINAL_FARE,RATING) values (77,100013,3000042,13,'67 Valley Edge Pass','1 Washington Alley',to_date('21-jan-22 12:00:01','dd-mon-yy hh:mi:ss'),to_date('21-jan-22 01:55:22','dd-mon-yy hh:mi:ss'),to_date('21-jan-22 02:10:10','dd-mon-yy hh:mi:ss'),11,null,11,5);
Insert into RIDE (RIDE_ID,DRIVER_ID,RIDER_ID,VEHICLE_ID,PICKUP_ADDRESS,DROPOFF_ADDRESS,REQUEST_DATETIME,START_DATETIME,END_DATETIME,INITIAL_FARE,DISCOUNT_AMOUNT,FINAL_FARE,RATING) values (78,100012,3000026,12,'73 Helena Road','4348 Spenser Trail',to_date('21-jan-22 12:00:01','dd-mon-yy hh:mi:ss'),to_date('21-jan-22 02:29:26','dd-mon-yy hh:mi:ss'),to_date('21-jan-22 02:36:14','dd-mon-yy hh:mi:ss'),16,null,16,4);
Insert into RIDE (RIDE_ID,DRIVER_ID,RIDER_ID,VEHICLE_ID,PICKUP_ADDRESS,DROPOFF_ADDRESS,REQUEST_DATETIME,START_DATETIME,END_DATETIME,INITIAL_FARE,DISCOUNT_AMOUNT,FINAL_FARE,RATING) values (79,100030,3000036,30,'09756 Bashford Point','72852 Manitowish Street',to_date('22-jan-22 12:00:01','dd-mon-yy hh:mi:ss'),to_date('22-jan-22 10:59:48','dd-mon-yy hh:mi:ss'),to_date('22-jan-22 11:15:24','dd-mon-yy hh:mi:ss'),14,null,14,4);
Insert into RIDE (RIDE_ID,DRIVER_ID,RIDER_ID,VEHICLE_ID,PICKUP_ADDRESS,DROPOFF_ADDRESS,REQUEST_DATETIME,START_DATETIME,END_DATETIME,INITIAL_FARE,DISCOUNT_AMOUNT,FINAL_FARE,RATING) values (80,100009,3000047,9,'09960 Esker Road','8 Carpenter Park',to_date('22-jan-22 12:00:01','dd-mon-yy hh:mi:ss'),to_date('22-jan-22 12:29:47','dd-mon-yy hh:mi:ss'),to_date('22-jan-22 12:53:41','dd-mon-yy hh:mi:ss'),20,null,20,3);
Insert into RIDE (RIDE_ID,DRIVER_ID,RIDER_ID,VEHICLE_ID,PICKUP_ADDRESS,DROPOFF_ADDRESS,REQUEST_DATETIME,START_DATETIME,END_DATETIME,INITIAL_FARE,DISCOUNT_AMOUNT,FINAL_FARE,RATING) values (81,100033,3000029,1,'45773 Twin Pines Plaza','70 Blaine Lane',to_date('22-jan-22 12:00:01','dd-mon-yy hh:mi:ss'),to_date('22-jan-22 03:58:38','dd-mon-yy hh:mi:ss'),to_date('22-jan-22 04:10:02','dd-mon-yy hh:mi:ss'),9,null,9,4);
Insert into RIDE (RIDE_ID,DRIVER_ID,RIDER_ID,VEHICLE_ID,PICKUP_ADDRESS,DROPOFF_ADDRESS,REQUEST_DATETIME,START_DATETIME,END_DATETIME,INITIAL_FARE,DISCOUNT_AMOUNT,FINAL_FARE,RATING) values (82,100001,3000061,1,'11 Prairie Rose Way','8 Carpenter Park',to_date('22-jan-22 12:00:01','dd-mon-yy hh:mi:ss'),to_date('22-jan-22 08:32:47','dd-mon-yy hh:mi:ss'),to_date('22-jan-22 08:44:17','dd-mon-yy hh:mi:ss'),10,null,10,4);
Insert into RIDE (RIDE_ID,DRIVER_ID,RIDER_ID,VEHICLE_ID,PICKUP_ADDRESS,DROPOFF_ADDRESS,REQUEST_DATETIME,START_DATETIME,END_DATETIME,INITIAL_FARE,DISCOUNT_AMOUNT,FINAL_FARE,RATING) values (83,100023,3000032,23,'99 Waubesa Plaza','24 Oxford Pass',to_date('23-jan-22 12:00:01','dd-mon-yy hh:mi:ss'),to_date('23-jan-22 05:28:57','dd-mon-yy hh:mi:ss'),to_date('23-jan-22 05:44:27','dd-mon-yy hh:mi:ss'),12,null,12,5);
Insert into RIDE (RIDE_ID,DRIVER_ID,RIDER_ID,VEHICLE_ID,PICKUP_ADDRESS,DROPOFF_ADDRESS,REQUEST_DATETIME,START_DATETIME,END_DATETIME,INITIAL_FARE,DISCOUNT_AMOUNT,FINAL_FARE,RATING) values (84,100027,3000024,27,'5 Texas Center','7 Park Meadow Parkway',to_date('23-jan-22 12:00:01','dd-mon-yy hh:mi:ss'),to_date('23-jan-22 05:24:59','dd-mon-yy hh:mi:ss'),to_date('23-jan-22 05:37:11','dd-mon-yy hh:mi:ss'),8,null,8,5);
Insert into RIDE (RIDE_ID,DRIVER_ID,RIDER_ID,VEHICLE_ID,PICKUP_ADDRESS,DROPOFF_ADDRESS,REQUEST_DATETIME,START_DATETIME,END_DATETIME,INITIAL_FARE,DISCOUNT_AMOUNT,FINAL_FARE,RATING) values (85,100021,3000016,21,'3 Rockefeller Street','14172 Montana Way',to_date('23-jan-22 12:00:01','dd-mon-yy hh:mi:ss'),to_date('23-jan-22 04:31:32','dd-mon-yy hh:mi:ss'),to_date('23-jan-22 04:57:20','dd-mon-yy hh:mi:ss'),8,null,8,3);
Insert into RIDE (RIDE_ID,DRIVER_ID,RIDER_ID,VEHICLE_ID,PICKUP_ADDRESS,DROPOFF_ADDRESS,REQUEST_DATETIME,START_DATETIME,END_DATETIME,INITIAL_FARE,DISCOUNT_AMOUNT,FINAL_FARE,RATING) values (86,100006,3000013,6,'7 Park Meadow Parkway','8 Carpenter Park',to_date('23-jan-22 12:00:01','dd-mon-yy hh:mi:ss'),to_date('23-jan-22 06:45:26','dd-mon-yy hh:mi:ss'),to_date('23-jan-22 07:05:44','dd-mon-yy hh:mi:ss'),13,null,13,4);
Insert into RIDE (RIDE_ID,DRIVER_ID,RIDER_ID,VEHICLE_ID,PICKUP_ADDRESS,DROPOFF_ADDRESS,REQUEST_DATETIME,START_DATETIME,END_DATETIME,INITIAL_FARE,DISCOUNT_AMOUNT,FINAL_FARE,RATING) values (87,100005,3000020,5,'025 Toban Drive','77833 Holmberg Drive',to_date('23-jan-22 12:00:01','dd-mon-yy hh:mi:ss'),to_date('23-jan-22 02:12:25','dd-mon-yy hh:mi:ss'),to_date('23-jan-22 02:37:19','dd-mon-yy hh:mi:ss'),15,null,15,4);
Insert into RIDE (RIDE_ID,DRIVER_ID,RIDER_ID,VEHICLE_ID,PICKUP_ADDRESS,DROPOFF_ADDRESS,REQUEST_DATETIME,START_DATETIME,END_DATETIME,INITIAL_FARE,DISCOUNT_AMOUNT,FINAL_FARE,RATING) values (88,100001,3000029,1,'2 Holmberg Pass','78 Logan Junction',to_date('23-jan-22 12:00:01','dd-mon-yy hh:mi:ss'),to_date('23-jan-22 03:14:42','dd-mon-yy hh:mi:ss'),to_date('23-jan-22 03:39:24','dd-mon-yy hh:mi:ss'),7,null,7,1);
Insert into RIDE (RIDE_ID,DRIVER_ID,RIDER_ID,VEHICLE_ID,PICKUP_ADDRESS,DROPOFF_ADDRESS,REQUEST_DATETIME,START_DATETIME,END_DATETIME,INITIAL_FARE,DISCOUNT_AMOUNT,FINAL_FARE,RATING) values (89,100022,3000039,22,'7 Donald Way','34 Hudson Lane',to_date('23-jan-22 12:00:01','dd-mon-yy hh:mi:ss'),to_date('23-jan-22 01:53:26','dd-mon-yy hh:mi:ss'),to_date('23-jan-22 02:17:44','dd-mon-yy hh:mi:ss'),7,1.75,5.25,5);
Insert into RIDE (RIDE_ID,DRIVER_ID,RIDER_ID,VEHICLE_ID,PICKUP_ADDRESS,DROPOFF_ADDRESS,REQUEST_DATETIME,START_DATETIME,END_DATETIME,INITIAL_FARE,DISCOUNT_AMOUNT,FINAL_FARE,RATING) values (90,100030,3000074,30,'30890 Dottie Pass','34 Swallow Drive',to_date('24-jan-22 12:00:01','dd-mon-yy hh:mi:ss'),to_date('24-jan-22 11:52:33','dd-mon-yy hh:mi:ss'),to_date('24-jan-22 12:04:57','dd-mon-yy hh:mi:ss'),10,null,10,2);
Insert into RIDE (RIDE_ID,DRIVER_ID,RIDER_ID,VEHICLE_ID,PICKUP_ADDRESS,DROPOFF_ADDRESS,REQUEST_DATETIME,START_DATETIME,END_DATETIME,INITIAL_FARE,DISCOUNT_AMOUNT,FINAL_FARE,RATING) values (91,100023,3000001,23,'24 Oxford Pass','7 Welch Junction',to_date('24-jan-22 12:00:01','dd-mon-yy hh:mi:ss'),to_date('24-jan-22 08:15:40','dd-mon-yy hh:mi:ss'),to_date('24-jan-22 08:24:04','dd-mon-yy hh:mi:ss'),8,null,8,4);

Insert into RIDE (RIDE_ID,DRIVER_ID,RIDER_ID,VEHICLE_ID,PICKUP_ADDRESS,DROPOFF_ADDRESS,REQUEST_DATETIME,START_DATETIME,END_DATETIME,INITIAL_FARE,DISCOUNT_AMOUNT,FINAL_FARE,RATING) values (92,100009,3000054,9,'9 Burrows Avenue','8 Carpenter Park',to_date('25-jan-22 12:00:01','dd-mon-yy hh:mi:ss'),to_date('25-jan-22 08:35:28','dd-mon-yy hh:mi:ss'),to_date('25-jan-22 08:58:10','dd-mon-yy hh:mi:ss'),14,null,14,4);
Insert into RIDE (RIDE_ID,DRIVER_ID,RIDER_ID,VEHICLE_ID,PICKUP_ADDRESS,DROPOFF_ADDRESS,REQUEST_DATETIME,START_DATETIME,END_DATETIME,INITIAL_FARE,DISCOUNT_AMOUNT,FINAL_FARE,RATING) values (93,100008,3000008,8,'75285 Columbus Court','38 Longview Point',to_date('25-jan-22 12:00:01','dd-mon-yy hh:mi:ss'),to_date('25-jan-22 07:58:40','dd-mon-yy hh:mi:ss'),to_date('25-jan-22 08:16:28','dd-mon-yy hh:mi:ss'),13,13,0,4);
Insert into RIDE (RIDE_ID,DRIVER_ID,RIDER_ID,VEHICLE_ID,PICKUP_ADDRESS,DROPOFF_ADDRESS,REQUEST_DATETIME,START_DATETIME,END_DATETIME,INITIAL_FARE,DISCOUNT_AMOUNT,FINAL_FARE,RATING) values (94,100015,3000025,15,'75285 Columbus Court','75285 Columbus Court',to_date('25-jan-22 12:00:01','dd-mon-yy hh:mi:ss'),to_date('25-jan-22 01:28:22','dd-mon-yy hh:mi:ss'),to_date('25-jan-22 01:49:28','dd-mon-yy hh:mi:ss'),6,null,6,5);
Insert into RIDE (RIDE_ID,DRIVER_ID,RIDER_ID,VEHICLE_ID,PICKUP_ADDRESS,DROPOFF_ADDRESS,REQUEST_DATETIME,START_DATETIME,END_DATETIME,INITIAL_FARE,DISCOUNT_AMOUNT,FINAL_FARE,RATING) values (95,100007,3000030,7,'11 Fairfield Terrace','257 Packers Trail',to_date('25-jan-22 12:00:01','dd-mon-yy hh:mi:ss'),to_date('25-jan-22 09:58:41','dd-mon-yy hh:mi:ss'),to_date('25-jan-22 10:22:35','dd-mon-yy hh:mi:ss'),6,null,6,4);
Insert into RIDE (RIDE_ID,DRIVER_ID,RIDER_ID,VEHICLE_ID,PICKUP_ADDRESS,DROPOFF_ADDRESS,REQUEST_DATETIME,START_DATETIME,END_DATETIME,INITIAL_FARE,DISCOUNT_AMOUNT,FINAL_FARE,RATING) values (96,100015,3000008,15,'70 Blaine Lane','66 Daystar Court',to_date('25-jan-22 12:00:01','dd-mon-yy hh:mi:ss'),to_date('25-jan-22 05:34:15','dd-mon-yy hh:mi:ss'),to_date('25-jan-22 05:45:39','dd-mon-yy hh:mi:ss'),9,null,9,5);
Insert into RIDE (RIDE_ID,DRIVER_ID,RIDER_ID,VEHICLE_ID,PICKUP_ADDRESS,DROPOFF_ADDRESS,REQUEST_DATETIME,START_DATETIME,END_DATETIME,INITIAL_FARE,DISCOUNT_AMOUNT,FINAL_FARE,RATING) values (97,100019,3000012,19,'7 Donald Way','45 Gina Parkway',to_date('25-jan-22 12:00:01','dd-mon-yy hh:mi:ss'),to_date('25-jan-22 05:29:44','dd-mon-yy hh:mi:ss'),to_date('25-jan-22 05:36:38','dd-mon-yy hh:mi:ss'),20,20,0,5);
Insert into RIDE (RIDE_ID,DRIVER_ID,RIDER_ID,VEHICLE_ID,PICKUP_ADDRESS,DROPOFF_ADDRESS,REQUEST_DATETIME,START_DATETIME,END_DATETIME,INITIAL_FARE,DISCOUNT_AMOUNT,FINAL_FARE,RATING) values (98,100027,3000038,27,'6 Hanover Point','8 Carpenter Park',to_date('26-jan-22 12:00:01','dd-mon-yy hh:mi:ss'),to_date('26-jan-22 01:23:10','dd-mon-yy hh:mi:ss'),to_date('26-jan-22 01:45:22','dd-mon-yy hh:mi:ss'),5,null,5,5);
Insert into RIDE (RIDE_ID,DRIVER_ID,RIDER_ID,VEHICLE_ID,PICKUP_ADDRESS,DROPOFF_ADDRESS,REQUEST_DATETIME,START_DATETIME,END_DATETIME,INITIAL_FARE,DISCOUNT_AMOUNT,FINAL_FARE,RATING) values (99,100024,3000059,24,'8 Carpenter Park','11 Prairie Rose Way',to_date('26-jan-22 12:00:01','dd-mon-yy hh:mi:ss'),to_date('26-jan-22 09:15:39','dd-mon-yy hh:mi:ss'),to_date('26-jan-22 09:34:15','dd-mon-yy hh:mi:ss'),9,null,9,5);
Insert into RIDE (RIDE_ID,DRIVER_ID,RIDER_ID,VEHICLE_ID,PICKUP_ADDRESS,DROPOFF_ADDRESS,REQUEST_DATETIME,START_DATETIME,END_DATETIME,INITIAL_FARE,DISCOUNT_AMOUNT,FINAL_FARE,RATING) values (100,100031,3000061,31,'7 Talmadge Lane','49249 Westend Circle',to_date('26-jan-22 12:00:01','dd-mon-yy hh:mi:ss'),to_date('26-jan-22 05:21:57','dd-mon-yy hh:mi:ss'),to_date('26-jan-22 05:31:33','dd-mon-yy hh:mi:ss'),18,null,18,3);
Insert into RIDE (RIDE_ID,DRIVER_ID,RIDER_ID,VEHICLE_ID,PICKUP_ADDRESS,DROPOFF_ADDRESS,REQUEST_DATETIME,START_DATETIME,END_DATETIME,INITIAL_FARE,DISCOUNT_AMOUNT,FINAL_FARE,RATING) values (101,100013,3000027,13,'47797 Mccormick Court','22068 Mesta Circle',to_date('26-jan-22 12:00:01','dd-mon-yy hh:mi:ss'),to_date('26-jan-22 11:34:25','dd-mon-yy hh:mi:ss'),to_date('26-jan-22 11:48:01','dd-mon-yy hh:mi:ss'),19,null,19,5);
Insert into RIDE (RIDE_ID,DRIVER_ID,RIDER_ID,VEHICLE_ID,PICKUP_ADDRESS,DROPOFF_ADDRESS,REQUEST_DATETIME,START_DATETIME,END_DATETIME,INITIAL_FARE,DISCOUNT_AMOUNT,FINAL_FARE,RATING) values (102,100004,3000071,4,'39 Fisk Park','70 Blaine Lane',to_date('26-jan-22 12:00:01','dd-mon-yy hh:mi:ss'),to_date('26-jan-22 08:44:50','dd-mon-yy hh:mi:ss'),to_date('26-jan-22 09:09:20','dd-mon-yy hh:mi:ss'),7,null,7,4);
Insert into RIDE (RIDE_ID,DRIVER_ID,RIDER_ID,VEHICLE_ID,PICKUP_ADDRESS,DROPOFF_ADDRESS,REQUEST_DATETIME,START_DATETIME,END_DATETIME,INITIAL_FARE,DISCOUNT_AMOUNT,FINAL_FARE,RATING) values (103,100026,3000002,26,'4348 Spenser Trail','63129 Ridgeway Trail',to_date('26-jan-22 12:00:01','dd-mon-yy hh:mi:ss'),to_date('26-jan-22 02:25:14','dd-mon-yy hh:mi:ss'),to_date('26-jan-22 02:36:44','dd-mon-yy hh:mi:ss'),12,null,12,3);
Insert into RIDE (RIDE_ID,DRIVER_ID,RIDER_ID,VEHICLE_ID,PICKUP_ADDRESS,DROPOFF_ADDRESS,REQUEST_DATETIME,START_DATETIME,END_DATETIME,INITIAL_FARE,DISCOUNT_AMOUNT,FINAL_FARE,RATING) values (104,100030,3000048,30,'3500 Knutson Park','56 Holmberg Trail',to_date('26-jan-22 12:00:01','dd-mon-yy hh:mi:ss'),to_date('26-jan-22 04:21:53','dd-mon-yy hh:mi:ss'),to_date('26-jan-22 04:36:29','dd-mon-yy hh:mi:ss'),8,null,8,5);
Insert into RIDE (RIDE_ID,DRIVER_ID,RIDER_ID,VEHICLE_ID,PICKUP_ADDRESS,DROPOFF_ADDRESS,REQUEST_DATETIME,START_DATETIME,END_DATETIME,INITIAL_FARE,DISCOUNT_AMOUNT,FINAL_FARE,RATING) values (105,100005,3000073,5,'38708 Bunker Hill Alley','8 Carpenter Park',to_date('27-jan-22 12:00:01','dd-mon-yy hh:mi:ss'),to_date('27-jan-22 03:46:19','dd-mon-yy hh:mi:ss'),to_date('27-jan-22 03:55:55','dd-mon-yy hh:mi:ss'),15,null,15,5);
Insert into RIDE (RIDE_ID,DRIVER_ID,RIDER_ID,VEHICLE_ID,PICKUP_ADDRESS,DROPOFF_ADDRESS,REQUEST_DATETIME,START_DATETIME,END_DATETIME,INITIAL_FARE,DISCOUNT_AMOUNT,FINAL_FARE,RATING) values (106,100006,3000045,6,'63726 Sullivan Terrace','54 Sommers Park',to_date('27-jan-22 12:00:01','dd-mon-yy hh:mi:ss'),to_date('27-jan-22 06:19:52','dd-mon-yy hh:mi:ss'),to_date('27-jan-22 06:24:58','dd-mon-yy hh:mi:ss'),9,null,9,4);
Insert into RIDE (RIDE_ID,DRIVER_ID,RIDER_ID,VEHICLE_ID,PICKUP_ADDRESS,DROPOFF_ADDRESS,REQUEST_DATETIME,START_DATETIME,END_DATETIME,INITIAL_FARE,DISCOUNT_AMOUNT,FINAL_FARE,RATING) values (107,100015,3000035,15,'75285 Columbus Court','24 Oxford Pass',to_date('27-jan-22 12:00:01','dd-mon-yy hh:mi:ss'),to_date('27-jan-22 01:39:24','dd-mon-yy hh:mi:ss'),to_date('27-jan-22 02:03:48','dd-mon-yy hh:mi:ss'),20,null,20,5);
Insert into RIDE (RIDE_ID,DRIVER_ID,RIDER_ID,VEHICLE_ID,PICKUP_ADDRESS,DROPOFF_ADDRESS,REQUEST_DATETIME,START_DATETIME,END_DATETIME,INITIAL_FARE,DISCOUNT_AMOUNT,FINAL_FARE,RATING) values (108,100030,3000064,30,'139 Northport Parkway','8 Harper Road',to_date('27-jan-22 12:00:01','dd-mon-yy hh:mi:ss'),to_date('27-jan-22 02:41:52','dd-mon-yy hh:mi:ss'),to_date('27-jan-22 02:59:16','dd-mon-yy hh:mi:ss'),17,null,17,5);
Insert into RIDE (RIDE_ID,DRIVER_ID,RIDER_ID,VEHICLE_ID,PICKUP_ADDRESS,DROPOFF_ADDRESS,REQUEST_DATETIME,START_DATETIME,END_DATETIME,INITIAL_FARE,DISCOUNT_AMOUNT,FINAL_FARE,RATING) values (109,100010,3000022,10,'5 Texas Center','6 Cody Terrace',to_date('27-jan-22 12:00:01','dd-mon-yy hh:mi:ss'),to_date('27-jan-22 08:51:22','dd-mon-yy hh:mi:ss'),to_date('27-jan-22 09:08:28','dd-mon-yy hh:mi:ss'),16,8,8,4);

Insert into RIDE (RIDE_ID,DRIVER_ID,RIDER_ID,VEHICLE_ID,PICKUP_ADDRESS,DROPOFF_ADDRESS,REQUEST_DATETIME,START_DATETIME,END_DATETIME,INITIAL_FARE,DISCOUNT_AMOUNT,FINAL_FARE,RATING) values (110,100032,3000008,32,'8 Carpenter Park','38 Longview Point',to_date('27-jan-22 12:00:01','dd-mon-yy hh:mi:ss'),to_date('27-jan-22 09:49:40','dd-mon-yy hh:mi:ss'),to_date('27-jan-22 09:58:10','dd-mon-yy hh:mi:ss'),11,null,11,4);
Insert into RIDE (RIDE_ID,DRIVER_ID,RIDER_ID,VEHICLE_ID,PICKUP_ADDRESS,DROPOFF_ADDRESS,REQUEST_DATETIME,START_DATETIME,END_DATETIME,INITIAL_FARE,DISCOUNT_AMOUNT,FINAL_FARE,RATING) values (111,100033,3000005,1,'4348 Spenser Trail','1 Sunfield Lane',to_date('27-jan-22 12:00:01','dd-mon-yy hh:mi:ss'),to_date('27-jan-22 11:35:26','dd-mon-yy hh:mi:ss'),to_date('27-jan-22 11:43:08','dd-mon-yy hh:mi:ss'),18,18,0,4);
Insert into RIDE (RIDE_ID,DRIVER_ID,RIDER_ID,VEHICLE_ID,PICKUP_ADDRESS,DROPOFF_ADDRESS,REQUEST_DATETIME,START_DATETIME,END_DATETIME,INITIAL_FARE,DISCOUNT_AMOUNT,FINAL_FARE,RATING) values (112,100026,3000057,26,'11 Prairie Rose Way','8 Carpenter Park',to_date('28-jan-22 12:00:01','dd-mon-yy hh:mi:ss'),to_date('28-jan-22 10:32:47','dd-mon-yy hh:mi:ss'),to_date('28-jan-22 10:46:53','dd-mon-yy hh:mi:ss'),13,null,13,5);
Insert into RIDE (RIDE_ID,DRIVER_ID,RIDER_ID,VEHICLE_ID,PICKUP_ADDRESS,DROPOFF_ADDRESS,REQUEST_DATETIME,START_DATETIME,END_DATETIME,INITIAL_FARE,DISCOUNT_AMOUNT,FINAL_FARE,RATING) values (113,100004,3000072,4,'8 Harper Road','63903 Chive Drive',to_date('28-jan-22 12:00:01','dd-mon-yy hh:mi:ss'),to_date('28-jan-22 09:44:22','dd-mon-yy hh:mi:ss'),to_date('28-jan-22 09:59:58','dd-mon-yy hh:mi:ss'),9,null,9,5);
Insert into RIDE (RIDE_ID,DRIVER_ID,RIDER_ID,VEHICLE_ID,PICKUP_ADDRESS,DROPOFF_ADDRESS,REQUEST_DATETIME,START_DATETIME,END_DATETIME,INITIAL_FARE,DISCOUNT_AMOUNT,FINAL_FARE,RATING) values (114,100028,3000031,28,'9831 Dexter Circle','025 Toban Drive',to_date('29-jan-22 12:00:01','dd-mon-yy hh:mi:ss'),to_date('29-jan-22 04:11:11','dd-mon-yy hh:mi:ss'),to_date('29-jan-22 04:30:47','dd-mon-yy hh:mi:ss'),9,null,9,4);
Insert into RIDE (RIDE_ID,DRIVER_ID,RIDER_ID,VEHICLE_ID,PICKUP_ADDRESS,DROPOFF_ADDRESS,REQUEST_DATETIME,START_DATETIME,END_DATETIME,INITIAL_FARE,DISCOUNT_AMOUNT,FINAL_FARE,RATING) values (115,100033,3000020,1,'39831 David Alley','8 Carpenter Park',to_date('29-jan-22 12:00:01','dd-mon-yy hh:mi:ss'),to_date('29-jan-22 05:35:16','dd-mon-yy hh:mi:ss'),to_date('29-jan-22 05:40:28','dd-mon-yy hh:mi:ss'),11,null,11,4);
Insert into RIDE (RIDE_ID,DRIVER_ID,RIDER_ID,VEHICLE_ID,PICKUP_ADDRESS,DROPOFF_ADDRESS,REQUEST_DATETIME,START_DATETIME,END_DATETIME,INITIAL_FARE,DISCOUNT_AMOUNT,FINAL_FARE,RATING) values (116,100020,3000067,11,'2 Killdeer Center','30890 Dottie Pass',to_date('30-jan-22 12:00:01','dd-mon-yy hh:mi:ss'),to_date('30-jan-22 06:39:39','dd-mon-yy hh:mi:ss'),to_date('30-jan-22 07:03:27','dd-mon-yy hh:mi:ss'),8,null,8,5);
Insert into RIDE (RIDE_ID,DRIVER_ID,RIDER_ID,VEHICLE_ID,PICKUP_ADDRESS,DROPOFF_ADDRESS,REQUEST_DATETIME,START_DATETIME,END_DATETIME,INITIAL_FARE,DISCOUNT_AMOUNT,FINAL_FARE,RATING) values (117,100033,3000050,1,'7 Donald Way','2 Vera Crossing',to_date('30-jan-22 12:00:01','dd-mon-yy hh:mi:ss'),to_date('30-jan-22 01:42:51','dd-mon-yy hh:mi:ss'),to_date('30-jan-22 01:49:33','dd-mon-yy hh:mi:ss'),6,null,6,5);
Insert into RIDE (RIDE_ID,DRIVER_ID,RIDER_ID,VEHICLE_ID,PICKUP_ADDRESS,DROPOFF_ADDRESS,REQUEST_DATETIME,START_DATETIME,END_DATETIME,INITIAL_FARE,DISCOUNT_AMOUNT,FINAL_FARE,RATING) values (118,100013,3000041,13,'63103 Buhler Court','7787 Annamark Drive',to_date('30-jan-22 12:00:01','dd-mon-yy hh:mi:ss'),to_date('30-jan-22 10:31:12','dd-mon-yy hh:mi:ss'),to_date('30-jan-22 10:56:54','dd-mon-yy hh:mi:ss'),17,null,17,4);
Insert into RIDE (RIDE_ID,DRIVER_ID,RIDER_ID,VEHICLE_ID,PICKUP_ADDRESS,DROPOFF_ADDRESS,REQUEST_DATETIME,START_DATETIME,END_DATETIME,INITIAL_FARE,DISCOUNT_AMOUNT,FINAL_FARE,RATING) values (119,100015,3000072,15,'75285 Columbus Court','8 Carpenter Park',to_date('30-jan-22 12:00:01','dd-mon-yy hh:mi:ss'),to_date('30-jan-22 03:31:13','dd-mon-yy hh:mi:ss'),to_date('30-jan-22 03:52:37','dd-mon-yy hh:mi:ss'),6,null,6,5);
Insert into RIDE (RIDE_ID,DRIVER_ID,RIDER_ID,VEHICLE_ID,PICKUP_ADDRESS,DROPOFF_ADDRESS,REQUEST_DATETIME,START_DATETIME,END_DATETIME,INITIAL_FARE,DISCOUNT_AMOUNT,FINAL_FARE,RATING) values (120,100009,3000036,9,'2 Holmberg Pass','09756 Bashford Point',to_date('30-jan-22 12:00:01','dd-mon-yy hh:mi:ss'),to_date('30-jan-22 10:22:56','dd-mon-yy hh:mi:ss'),to_date('30-jan-22 10:48:26','dd-mon-yy hh:mi:ss'),12,null,12,5);
Insert into RIDE (RIDE_ID,DRIVER_ID,RIDER_ID,VEHICLE_ID,PICKUP_ADDRESS,DROPOFF_ADDRESS,REQUEST_DATETIME,START_DATETIME,END_DATETIME,INITIAL_FARE,DISCOUNT_AMOUNT,FINAL_FARE,RATING) values (121,100034,3000002,34,'698 Warrior Road','8 Linden Center',to_date('30-jan-22 12:00:01','dd-mon-yy hh:mi:ss'),to_date('30-jan-22 10:36:15','dd-mon-yy hh:mi:ss'),to_date('30-jan-22 10:56:27','dd-mon-yy hh:mi:ss'),10,null,10,4);
Insert into RIDE (RIDE_ID,DRIVER_ID,RIDER_ID,VEHICLE_ID,PICKUP_ADDRESS,DROPOFF_ADDRESS,REQUEST_DATETIME,START_DATETIME,END_DATETIME,INITIAL_FARE,DISCOUNT_AMOUNT,FINAL_FARE,RATING) values (122,100027,3000057,27,'8 Carpenter Park','3 Iowa Street',to_date('30-jan-22 12:00:01','dd-mon-yy hh:mi:ss'),to_date('30-jan-22 03:38:54','dd-mon-yy hh:mi:ss'),to_date('30-jan-22 03:54:30','dd-mon-yy hh:mi:ss'),16,null,16,5);
Insert into RIDE (RIDE_ID,DRIVER_ID,RIDER_ID,VEHICLE_ID,PICKUP_ADDRESS,DROPOFF_ADDRESS,REQUEST_DATETIME,START_DATETIME,END_DATETIME,INITIAL_FARE,DISCOUNT_AMOUNT,FINAL_FARE,RATING) values (123,100020,3000045,11,'8 Harper Road','54 Sommers Park',to_date('31-jan-22 12:00:01','dd-mon-yy hh:mi:ss'),to_date('31-jan-22 05:36:34','dd-mon-yy hh:mi:ss'),to_date('31-jan-22 05:56:58','dd-mon-yy hh:mi:ss'),19,null,19,3);
Insert into RIDE (RIDE_ID,DRIVER_ID,RIDER_ID,VEHICLE_ID,PICKUP_ADDRESS,DROPOFF_ADDRESS,REQUEST_DATETIME,START_DATETIME,END_DATETIME,INITIAL_FARE,DISCOUNT_AMOUNT,FINAL_FARE,RATING) values (124,100012,3000019,12,'78 Logan Junction','3500 Knutson Park',to_date('31-jan-22 12:00:01','dd-mon-yy hh:mi:ss'),to_date('31-jan-22 06:29:25','dd-mon-yy hh:mi:ss'),to_date('31-jan-22 06:36:07','dd-mon-yy hh:mi:ss'),19,null,19,5);

Insert into RIDE (RIDE_ID,DRIVER_ID,RIDER_ID,VEHICLE_ID,PICKUP_ADDRESS,DROPOFF_ADDRESS,REQUEST_DATETIME,START_DATETIME,END_DATETIME,INITIAL_FARE,DISCOUNT_AMOUNT,FINAL_FARE,RATING) values (125,100020,3000002,11,'8 Linden Center','31004 Eagle Crest Way',to_date('01-feb-22 12:00:01','dd-mon-yy hh:mi:ss'),to_date('01-feb-22 05:13:54','dd-mon-yy hh:mi:ss'),to_date('01-feb-22 05:34:36','dd-mon-yy hh:mi:ss'),20,null,20,5);
Insert into RIDE (RIDE_ID,DRIVER_ID,RIDER_ID,VEHICLE_ID,PICKUP_ADDRESS,DROPOFF_ADDRESS,REQUEST_DATETIME,START_DATETIME,END_DATETIME,INITIAL_FARE,DISCOUNT_AMOUNT,FINAL_FARE,RATING) values (126,100017,3000070,17,'025 Toban Drive','6795 Graedel Street',to_date('01-feb-22 12:00:01','dd-mon-yy hh:mi:ss'),to_date('01-feb-22 01:45:40','dd-mon-yy hh:mi:ss'),to_date('01-feb-22 02:02:28','dd-mon-yy hh:mi:ss'),18,null,18,3);
Insert into RIDE (RIDE_ID,DRIVER_ID,RIDER_ID,VEHICLE_ID,PICKUP_ADDRESS,DROPOFF_ADDRESS,REQUEST_DATETIME,START_DATETIME,END_DATETIME,INITIAL_FARE,DISCOUNT_AMOUNT,FINAL_FARE,RATING) values (127,100034,3000050,34,'77833 Holmberg Drive','16 Bonner Trail',to_date('01-feb-22 12:00:01','dd-mon-yy hh:mi:ss'),to_date('01-feb-22 03:25:55','dd-mon-yy hh:mi:ss'),to_date('01-feb-22 03:50:25','dd-mon-yy hh:mi:ss'),11,null,11,5);
Insert into RIDE (RIDE_ID,DRIVER_ID,RIDER_ID,VEHICLE_ID,PICKUP_ADDRESS,DROPOFF_ADDRESS,REQUEST_DATETIME,START_DATETIME,END_DATETIME,INITIAL_FARE,DISCOUNT_AMOUNT,FINAL_FARE,RATING) values (128,100025,3000052,25,'2 Vera Crossing','8 Carpenter Park',to_date('01-feb-22 12:00:01','dd-mon-yy hh:mi:ss'),to_date('01-feb-22 01:31:43','dd-mon-yy hh:mi:ss'),to_date('01-feb-22 01:56:19','dd-mon-yy hh:mi:ss'),11,null,11,4);
Insert into RIDE (RIDE_ID,DRIVER_ID,RIDER_ID,VEHICLE_ID,PICKUP_ADDRESS,DROPOFF_ADDRESS,REQUEST_DATETIME,START_DATETIME,END_DATETIME,INITIAL_FARE,DISCOUNT_AMOUNT,FINAL_FARE,RATING) values (129,100003,3000010,3,'31004 Eagle Crest Way','8817 Briar Crest Place',to_date('01-feb-22 12:00:01','dd-mon-yy hh:mi:ss'),to_date('01-feb-22 12:34:39','dd-mon-yy hh:mi:ss'),to_date('01-feb-22 12:42:15','dd-mon-yy hh:mi:ss'),19,null,19,5);
Insert into RIDE (RIDE_ID,DRIVER_ID,RIDER_ID,VEHICLE_ID,PICKUP_ADDRESS,DROPOFF_ADDRESS,REQUEST_DATETIME,START_DATETIME,END_DATETIME,INITIAL_FARE,DISCOUNT_AMOUNT,FINAL_FARE,RATING) values (130,100016,3000057,16,'025 Toban Drive','5736 Melody Parkway',to_date('01-feb-22 12:00:01','dd-mon-yy hh:mi:ss'),to_date('01-feb-22 09:51:51','dd-mon-yy hh:mi:ss'),to_date('01-feb-22 10:06:15','dd-mon-yy hh:mi:ss'),7,null,7,4);
Insert into RIDE (RIDE_ID,DRIVER_ID,RIDER_ID,VEHICLE_ID,PICKUP_ADDRESS,DROPOFF_ADDRESS,REQUEST_DATETIME,START_DATETIME,END_DATETIME,INITIAL_FARE,DISCOUNT_AMOUNT,FINAL_FARE,RATING) values (131,100019,3000059,19,'11 Prairie Rose Way','8097 Marquette Plaza',to_date('02-feb-22 12:00:01','dd-mon-yy hh:mi:ss'),to_date('02-feb-22 02:31:20','dd-mon-yy hh:mi:ss'),to_date('02-feb-22 02:56:56','dd-mon-yy hh:mi:ss'),15,null,15,5);
Insert into RIDE (RIDE_ID,DRIVER_ID,RIDER_ID,VEHICLE_ID,PICKUP_ADDRESS,DROPOFF_ADDRESS,REQUEST_DATETIME,START_DATETIME,END_DATETIME,INITIAL_FARE,DISCOUNT_AMOUNT,FINAL_FARE,RATING) values (132,100009,3000034,9,'24 Oxford Pass','023 Fair Oaks Point',to_date('02-feb-22 12:00:01','dd-mon-yy hh:mi:ss'),to_date('02-feb-22 03:41:35','dd-mon-yy hh:mi:ss'),to_date('02-feb-22 04:03:29','dd-mon-yy hh:mi:ss'),12,null,12,5);
Insert into RIDE (RIDE_ID,DRIVER_ID,RIDER_ID,VEHICLE_ID,PICKUP_ADDRESS,DROPOFF_ADDRESS,REQUEST_DATETIME,START_DATETIME,END_DATETIME,INITIAL_FARE,DISCOUNT_AMOUNT,FINAL_FARE,RATING) values (133,100019,3000040,19,'5736 Melody Parkway','447 Sutherland Junction',to_date('02-feb-22 12:00:01','dd-mon-yy hh:mi:ss'),to_date('02-feb-22 01:47:33','dd-mon-yy hh:mi:ss'),to_date('02-feb-22 01:58:09','dd-mon-yy hh:mi:ss'),20,null,20,4);
Insert into RIDE (RIDE_ID,DRIVER_ID,RIDER_ID,VEHICLE_ID,PICKUP_ADDRESS,DROPOFF_ADDRESS,REQUEST_DATETIME,START_DATETIME,END_DATETIME,INITIAL_FARE,DISCOUNT_AMOUNT,FINAL_FARE,RATING) values (134,100022,3000023,22,'403 Hagan Street','8 Carpenter Park',to_date('03-feb-22 12:00:01','dd-mon-yy hh:mi:ss'),to_date('03-feb-22 10:18:36','dd-mon-yy hh:mi:ss'),to_date('03-feb-22 10:31:00','dd-mon-yy hh:mi:ss'),6,1.8,4.2,5);
Insert into RIDE (RIDE_ID,DRIVER_ID,RIDER_ID,VEHICLE_ID,PICKUP_ADDRESS,DROPOFF_ADDRESS,REQUEST_DATETIME,START_DATETIME,END_DATETIME,INITIAL_FARE,DISCOUNT_AMOUNT,FINAL_FARE,RATING) values (135,100009,3000010,9,'7 Donald Way','99 Waubesa Plaza',to_date('03-feb-22 12:00:01','dd-mon-yy hh:mi:ss'),to_date('03-feb-22 10:56:28','dd-mon-yy hh:mi:ss'),to_date('03-feb-22 11:20:04','dd-mon-yy hh:mi:ss'),6,null,6,5);
Insert into RIDE (RIDE_ID,DRIVER_ID,RIDER_ID,VEHICLE_ID,PICKUP_ADDRESS,DROPOFF_ADDRESS,REQUEST_DATETIME,START_DATETIME,END_DATETIME,INITIAL_FARE,DISCOUNT_AMOUNT,FINAL_FARE,RATING) values (136,100006,3000059,6,'84 Clove Terrace','84 Troy Court',to_date('03-feb-22 12:00:01','dd-mon-yy hh:mi:ss'),to_date('03-feb-22 09:45:44','dd-mon-yy hh:mi:ss'),to_date('03-feb-22 10:07:26','dd-mon-yy hh:mi:ss'),19,null,19,3);
Insert into RIDE (RIDE_ID,DRIVER_ID,RIDER_ID,VEHICLE_ID,PICKUP_ADDRESS,DROPOFF_ADDRESS,REQUEST_DATETIME,START_DATETIME,END_DATETIME,INITIAL_FARE,DISCOUNT_AMOUNT,FINAL_FARE,RATING) values (137,100009,3000073,9,'7 Calypso Parkway','8 Carpenter Park',to_date('03-feb-22 12:00:01','dd-mon-yy hh:mi:ss'),to_date('03-feb-22 05:27:18','dd-mon-yy hh:mi:ss'),to_date('03-feb-22 05:39:12','dd-mon-yy hh:mi:ss'),6,null,6,5);
Insert into RIDE (RIDE_ID,DRIVER_ID,RIDER_ID,VEHICLE_ID,PICKUP_ADDRESS,DROPOFF_ADDRESS,REQUEST_DATETIME,START_DATETIME,END_DATETIME,INITIAL_FARE,DISCOUNT_AMOUNT,FINAL_FARE,RATING) values (138,100014,3000048,14,'8 Carpenter Park','56 Holmberg Trail',to_date('04-feb-22 12:00:01','dd-mon-yy hh:mi:ss'),to_date('04-feb-22 03:36:59','dd-mon-yy hh:mi:ss'),to_date('04-feb-22 03:56:35','dd-mon-yy hh:mi:ss'),18,null,18,5);
Insert into RIDE (RIDE_ID,DRIVER_ID,RIDER_ID,VEHICLE_ID,PICKUP_ADDRESS,DROPOFF_ADDRESS,REQUEST_DATETIME,START_DATETIME,END_DATETIME,INITIAL_FARE,DISCOUNT_AMOUNT,FINAL_FARE,RATING) values (139,100021,3000058,21,'45773 Twin Pines Plaza','91 Anderson Lane',to_date('04-feb-22 12:00:01','dd-mon-yy hh:mi:ss'),to_date('04-feb-22 10:52:10','dd-mon-yy hh:mi:ss'),to_date('04-feb-22 11:10:40','dd-mon-yy hh:mi:ss'),11,null,11,4);
Insert into RIDE (RIDE_ID,DRIVER_ID,RIDER_ID,VEHICLE_ID,PICKUP_ADDRESS,DROPOFF_ADDRESS,REQUEST_DATETIME,START_DATETIME,END_DATETIME,INITIAL_FARE,DISCOUNT_AMOUNT,FINAL_FARE,RATING) values (140,100027,3000025,27,'16 Bonner Trail','48 Cordelia Hill',to_date('04-feb-22 12:00:01','dd-mon-yy hh:mi:ss'),to_date('04-feb-22 09:32:11','dd-mon-yy hh:mi:ss'),to_date('04-feb-22 09:55:17','dd-mon-yy hh:mi:ss'),13,null,13,5);
Insert into RIDE (RIDE_ID,DRIVER_ID,RIDER_ID,VEHICLE_ID,PICKUP_ADDRESS,DROPOFF_ADDRESS,REQUEST_DATETIME,START_DATETIME,END_DATETIME,INITIAL_FARE,DISCOUNT_AMOUNT,FINAL_FARE,RATING) values (141,100013,3000020,13,'84 Clove Terrace','8 Harper Road',to_date('05-feb-22 12:00:01','dd-mon-yy hh:mi:ss'),to_date('05-feb-22 02:12:36','dd-mon-yy hh:mi:ss'),to_date('05-feb-22 02:26:42','dd-mon-yy hh:mi:ss'),15,null,15,4);

Insert into RIDE (RIDE_ID,DRIVER_ID,RIDER_ID,VEHICLE_ID,PICKUP_ADDRESS,DROPOFF_ADDRESS,REQUEST_DATETIME,START_DATETIME,END_DATETIME,INITIAL_FARE,DISCOUNT_AMOUNT,FINAL_FARE,RATING) values (142,100020,3000066,11,'8 Carpenter Park','95062 Continental Circle',to_date('05-feb-22 12:00:01','dd-mon-yy hh:mi:ss'),to_date('05-feb-22 04:24:21','dd-mon-yy hh:mi:ss'),to_date('05-feb-22 04:29:33','dd-mon-yy hh:mi:ss'),14,null,14,5);
Insert into RIDE (RIDE_ID,DRIVER_ID,RIDER_ID,VEHICLE_ID,PICKUP_ADDRESS,DROPOFF_ADDRESS,REQUEST_DATETIME,START_DATETIME,END_DATETIME,INITIAL_FARE,DISCOUNT_AMOUNT,FINAL_FARE,RATING) values (143,100023,3000008,23,'8 Carpenter Park','38 Longview Point',to_date('05-feb-22 12:00:01','dd-mon-yy hh:mi:ss'),to_date('05-feb-22 04:51:47','dd-mon-yy hh:mi:ss'),to_date('05-feb-22 05:07:23','dd-mon-yy hh:mi:ss'),16,null,16,4);
Insert into RIDE (RIDE_ID,DRIVER_ID,RIDER_ID,VEHICLE_ID,PICKUP_ADDRESS,DROPOFF_ADDRESS,REQUEST_DATETIME,START_DATETIME,END_DATETIME,INITIAL_FARE,DISCOUNT_AMOUNT,FINAL_FARE,RATING) values (144,100030,3000057,30,'28 Hanson Pass','3 Iowa Street',to_date('05-feb-22 12:00:01','dd-mon-yy hh:mi:ss'),to_date('05-feb-22 11:39:36','dd-mon-yy hh:mi:ss'),to_date('05-feb-22 11:57:12','dd-mon-yy hh:mi:ss'),11,null,11,5);
Insert into RIDE (RIDE_ID,DRIVER_ID,RIDER_ID,VEHICLE_ID,PICKUP_ADDRESS,DROPOFF_ADDRESS,REQUEST_DATETIME,START_DATETIME,END_DATETIME,INITIAL_FARE,DISCOUNT_AMOUNT,FINAL_FARE,RATING) values (145,100003,3000065,3,'5 Texas Center','19408 Kropf Avenue',to_date('06-feb-22 12:00:01','dd-mon-yy hh:mi:ss'),to_date('06-feb-22 09:48:26','dd-mon-yy hh:mi:ss'),to_date('06-feb-22 09:53:38','dd-mon-yy hh:mi:ss'),15,null,15,5);
Insert into RIDE (RIDE_ID,DRIVER_ID,RIDER_ID,VEHICLE_ID,PICKUP_ADDRESS,DROPOFF_ADDRESS,REQUEST_DATETIME,START_DATETIME,END_DATETIME,INITIAL_FARE,DISCOUNT_AMOUNT,FINAL_FARE,RATING) values (146,100022,3000074,22,'6 Hanover Point','8 Carpenter Park',to_date('06-feb-22 12:00:01','dd-mon-yy hh:mi:ss'),to_date('06-feb-22 09:17:43','dd-mon-yy hh:mi:ss'),to_date('06-feb-22 09:39:25','dd-mon-yy hh:mi:ss'),8,null,8,4);
Insert into RIDE (RIDE_ID,DRIVER_ID,RIDER_ID,VEHICLE_ID,PICKUP_ADDRESS,DROPOFF_ADDRESS,REQUEST_DATETIME,START_DATETIME,END_DATETIME,INITIAL_FARE,DISCOUNT_AMOUNT,FINAL_FARE,RATING) values (147,100025,3000005,25,'2 Holmberg Pass','1 Washington Alley',to_date('06-feb-22 12:00:01','dd-mon-yy hh:mi:ss'),to_date('06-feb-22 02:41:44','dd-mon-yy hh:mi:ss'),to_date('06-feb-22 03:01:20','dd-mon-yy hh:mi:ss'),15,null,15,4);
Insert into RIDE (RIDE_ID,DRIVER_ID,RIDER_ID,VEHICLE_ID,PICKUP_ADDRESS,DROPOFF_ADDRESS,REQUEST_DATETIME,START_DATETIME,END_DATETIME,INITIAL_FARE,DISCOUNT_AMOUNT,FINAL_FARE,RATING) values (148,100018,3000070,18,'11 Prairie Rose Way','75285 Columbus Court',to_date('08-feb-22 12:00:01','dd-mon-yy hh:mi:ss'),to_date('08-feb-22 11:28:15','dd-mon-yy hh:mi:ss'),to_date('08-feb-22 11:33:45','dd-mon-yy hh:mi:ss'),18,null,18,4);
Insert into RIDE (RIDE_ID,DRIVER_ID,RIDER_ID,VEHICLE_ID,PICKUP_ADDRESS,DROPOFF_ADDRESS,REQUEST_DATETIME,START_DATETIME,END_DATETIME,INITIAL_FARE,DISCOUNT_AMOUNT,FINAL_FARE,RATING) values (149,100024,3000046,24,'997 Mandrake Road','0537 American Place',to_date('09-feb-22 12:00:01','dd-mon-yy hh:mi:ss'),to_date('09-feb-22 04:11:33','dd-mon-yy hh:mi:ss'),to_date('09-feb-22 04:34:09','dd-mon-yy hh:mi:ss'),11,null,11,4);
Insert into RIDE (RIDE_ID,DRIVER_ID,RIDER_ID,VEHICLE_ID,PICKUP_ADDRESS,DROPOFF_ADDRESS,REQUEST_DATETIME,START_DATETIME,END_DATETIME,INITIAL_FARE,DISCOUNT_AMOUNT,FINAL_FARE,RATING) values (150,100017,3000051,17,'5736 Melody Parkway','3 Rockefeller Street',to_date('09-feb-22 12:00:01','dd-mon-yy hh:mi:ss'),to_date('09-feb-22 09:52:48','dd-mon-yy hh:mi:ss'),to_date('09-feb-22 10:17:12','dd-mon-yy hh:mi:ss'),15,null,15,4);
Insert into RIDE (RIDE_ID,DRIVER_ID,RIDER_ID,VEHICLE_ID,PICKUP_ADDRESS,DROPOFF_ADDRESS,REQUEST_DATETIME,START_DATETIME,END_DATETIME,INITIAL_FARE,DISCOUNT_AMOUNT,FINAL_FARE,RATING) values (151,100022,3000036,22,'8 Carpenter Park','09756 Bashford Point',to_date('09-feb-22 12:00:01','dd-mon-yy hh:mi:ss'),to_date('09-feb-22 10:40:45','dd-mon-yy hh:mi:ss'),to_date('09-feb-22 10:51:27','dd-mon-yy hh:mi:ss'),6,null,6,4);
Insert into RIDE (RIDE_ID,DRIVER_ID,RIDER_ID,VEHICLE_ID,PICKUP_ADDRESS,DROPOFF_ADDRESS,REQUEST_DATETIME,START_DATETIME,END_DATETIME,INITIAL_FARE,DISCOUNT_AMOUNT,FINAL_FARE,RATING) values (152,100027,3000058,27,'5326 Grasskamp Parkway','9867 Westport Avenue',to_date('10-feb-22 12:00:01','dd-mon-yy hh:mi:ss'),to_date('10-feb-22 07:19:52','dd-mon-yy hh:mi:ss'),to_date('10-feb-22 07:30:40','dd-mon-yy hh:mi:ss'),14,null,14,1);
Insert into RIDE (RIDE_ID,DRIVER_ID,RIDER_ID,VEHICLE_ID,PICKUP_ADDRESS,DROPOFF_ADDRESS,REQUEST_DATETIME,START_DATETIME,END_DATETIME,INITIAL_FARE,DISCOUNT_AMOUNT,FINAL_FARE,RATING) values (153,100030,3000027,30,'22068 Mesta Circle','0 Fulton Point',to_date('10-feb-22 12:00:01','dd-mon-yy hh:mi:ss'),to_date('10-feb-22 11:56:25','dd-mon-yy hh:mi:ss'),to_date('10-feb-22 12:19:13','dd-mon-yy hh:mi:ss'),6,null,6,5);
Insert into RIDE (RIDE_ID,DRIVER_ID,RIDER_ID,VEHICLE_ID,PICKUP_ADDRESS,DROPOFF_ADDRESS,REQUEST_DATETIME,START_DATETIME,END_DATETIME,INITIAL_FARE,DISCOUNT_AMOUNT,FINAL_FARE,RATING) values (154,100033,3000052,1,'2 Vera Crossing','8 Carpenter Park',to_date('10-feb-22 12:00:01','dd-mon-yy hh:mi:ss'),to_date('10-feb-22 09:51:36','dd-mon-yy hh:mi:ss'),to_date('10-feb-22 10:14:12','dd-mon-yy hh:mi:ss'),5,null,5,4);

Insert into RIDE (RIDE_ID,DRIVER_ID,RIDER_ID,VEHICLE_ID,PICKUP_ADDRESS,DROPOFF_ADDRESS,REQUEST_DATETIME,START_DATETIME,END_DATETIME,INITIAL_FARE,DISCOUNT_AMOUNT,FINAL_FARE,RATING) values (155,100004,3000039,4,'98201 Warrior Center','34 Hudson Lane',to_date('10-feb-22 12:00:01','dd-mon-yy hh:mi:ss'),to_date('10-feb-22 04:41:27','dd-mon-yy hh:mi:ss'),to_date('10-feb-22 05:06:21','dd-mon-yy hh:mi:ss'),20,null,20,5);
Insert into RIDE (RIDE_ID,DRIVER_ID,RIDER_ID,VEHICLE_ID,PICKUP_ADDRESS,DROPOFF_ADDRESS,REQUEST_DATETIME,START_DATETIME,END_DATETIME,INITIAL_FARE,DISCOUNT_AMOUNT,FINAL_FARE,RATING) values (156,100021,3000060,21,'24 Oxford Pass','11 Prairie Rose Way',to_date('11-feb-22 12:00:01','dd-mon-yy hh:mi:ss'),to_date('11-feb-22 11:54:51','dd-mon-yy hh:mi:ss'),to_date('11-feb-22 12:02:57','dd-mon-yy hh:mi:ss'),10,null,10,4);
Insert into RIDE (RIDE_ID,DRIVER_ID,RIDER_ID,VEHICLE_ID,PICKUP_ADDRESS,DROPOFF_ADDRESS,REQUEST_DATETIME,START_DATETIME,END_DATETIME,INITIAL_FARE,DISCOUNT_AMOUNT,FINAL_FARE,RATING) values (157,100013,3000068,13,'86 Sunbrook Way','4348 Spenser Trail',to_date('11-feb-22 12:00:01','dd-mon-yy hh:mi:ss'),to_date('11-feb-22 11:25:18','dd-mon-yy hh:mi:ss'),to_date('11-feb-22 11:48:30','dd-mon-yy hh:mi:ss'),10,null,10,4);
Insert into RIDE (RIDE_ID,DRIVER_ID,RIDER_ID,VEHICLE_ID,PICKUP_ADDRESS,DROPOFF_ADDRESS,REQUEST_DATETIME,START_DATETIME,END_DATETIME,INITIAL_FARE,DISCOUNT_AMOUNT,FINAL_FARE,RATING) values (158,100024,3000017,24,'604 Eastwood Pass','7787 Annamark Drive',to_date('11-feb-22 12:00:01','dd-mon-yy hh:mi:ss'),to_date('11-feb-22 06:28:16','dd-mon-yy hh:mi:ss'),to_date('11-feb-22 06:47:58','dd-mon-yy hh:mi:ss'),5,null,5,5);
Insert into RIDE (RIDE_ID,DRIVER_ID,RIDER_ID,VEHICLE_ID,PICKUP_ADDRESS,DROPOFF_ADDRESS,REQUEST_DATETIME,START_DATETIME,END_DATETIME,INITIAL_FARE,DISCOUNT_AMOUNT,FINAL_FARE,RATING) values (159,100019,3000036,19,'7787 Annamark Drive','09756 Bashford Point',to_date('12-feb-22 12:00:01','dd-mon-yy hh:mi:ss'),to_date('12-feb-22 02:23:28','dd-mon-yy hh:mi:ss'),to_date('12-feb-22 02:47:22','dd-mon-yy hh:mi:ss'),10,null,10,4);
Insert into RIDE (RIDE_ID,DRIVER_ID,RIDER_ID,VEHICLE_ID,PICKUP_ADDRESS,DROPOFF_ADDRESS,REQUEST_DATETIME,START_DATETIME,END_DATETIME,INITIAL_FARE,DISCOUNT_AMOUNT,FINAL_FARE,RATING) values (160,100022,3000058,22,'4348 Spenser Trail','8097 Marquette Plaza',to_date('13-feb-22 12:00:01','dd-mon-yy hh:mi:ss'),to_date('13-feb-22 06:16:44','dd-mon-yy hh:mi:ss'),to_date('13-feb-22 06:32:14','dd-mon-yy hh:mi:ss'),13,null,13,4);

Insert into RIDE (RIDE_ID,DRIVER_ID,RIDER_ID,VEHICLE_ID,PICKUP_ADDRESS,DROPOFF_ADDRESS,REQUEST_DATETIME,START_DATETIME,END_DATETIME,INITIAL_FARE,DISCOUNT_AMOUNT,FINAL_FARE,RATING) values (161,100032,3000066,32,'4 American Ash Crossing','95062 Continental Circle',to_date('13-feb-22 12:00:01','dd-mon-yy hh:mi:ss'),to_date('13-feb-22 09:30:58','dd-mon-yy hh:mi:ss'),to_date('13-feb-22 09:52:04','dd-mon-yy hh:mi:ss'),16,null,16,4);
Insert into RIDE (RIDE_ID,DRIVER_ID,RIDER_ID,VEHICLE_ID,PICKUP_ADDRESS,DROPOFF_ADDRESS,REQUEST_DATETIME,START_DATETIME,END_DATETIME,INITIAL_FARE,DISCOUNT_AMOUNT,FINAL_FARE,RATING) values (162,100017,3000059,17,'5736 Melody Parkway','3659 Esch Court',to_date('13-feb-22 12:00:01','dd-mon-yy hh:mi:ss'),to_date('13-feb-22 02:37:44','dd-mon-yy hh:mi:ss'),to_date('13-feb-22 02:59:14','dd-mon-yy hh:mi:ss'),17,null,17,5);
Insert into RIDE (RIDE_ID,DRIVER_ID,RIDER_ID,VEHICLE_ID,PICKUP_ADDRESS,DROPOFF_ADDRESS,REQUEST_DATETIME,START_DATETIME,END_DATETIME,INITIAL_FARE,DISCOUNT_AMOUNT,FINAL_FARE,RATING) values (163,100003,3000036,3,'8 Carpenter Park','2 Killdeer Center',to_date('13-feb-22 12:00:01','dd-mon-yy hh:mi:ss'),to_date('13-feb-22 10:58:19','dd-mon-yy hh:mi:ss'),to_date('13-feb-22 11:13:49','dd-mon-yy hh:mi:ss'),8,null,8,4);
Insert into RIDE (RIDE_ID,DRIVER_ID,RIDER_ID,VEHICLE_ID,PICKUP_ADDRESS,DROPOFF_ADDRESS,REQUEST_DATETIME,START_DATETIME,END_DATETIME,INITIAL_FARE,DISCOUNT_AMOUNT,FINAL_FARE,RATING) values (164,100005,3000012,5,'1705 Moose Center','45 Gina Parkway',to_date('14-feb-22 12:00:01','dd-mon-yy hh:mi:ss'),to_date('14-feb-22 03:59:31','dd-mon-yy hh:mi:ss'),to_date('14-feb-22 04:20:13','dd-mon-yy hh:mi:ss'),14,null,14,5);
Insert into RIDE (RIDE_ID,DRIVER_ID,RIDER_ID,VEHICLE_ID,PICKUP_ADDRESS,DROPOFF_ADDRESS,REQUEST_DATETIME,START_DATETIME,END_DATETIME,INITIAL_FARE,DISCOUNT_AMOUNT,FINAL_FARE,RATING) values (165,100022,3000040,22,'1643 Schiller Street','09960 Esker Road',to_date('14-feb-22 12:00:01','dd-mon-yy hh:mi:ss'),to_date('14-feb-22 05:59:55','dd-mon-yy hh:mi:ss'),to_date('14-feb-22 06:15:25','dd-mon-yy hh:mi:ss'),8,null,8,4);
Insert into RIDE (RIDE_ID,DRIVER_ID,RIDER_ID,VEHICLE_ID,PICKUP_ADDRESS,DROPOFF_ADDRESS,REQUEST_DATETIME,START_DATETIME,END_DATETIME,INITIAL_FARE,DISCOUNT_AMOUNT,FINAL_FARE,RATING) values (166,100013,3000040,13,'8 Carpenter Park','190 Fair Oaks Way',to_date('14-feb-22 12:00:01','dd-mon-yy hh:mi:ss'),to_date('14-feb-22 07:29:12','dd-mon-yy hh:mi:ss'),to_date('14-feb-22 07:43:24','dd-mon-yy hh:mi:ss'),13,null,13,4);
Insert into RIDE (RIDE_ID,DRIVER_ID,RIDER_ID,VEHICLE_ID,PICKUP_ADDRESS,DROPOFF_ADDRESS,REQUEST_DATETIME,START_DATETIME,END_DATETIME,INITIAL_FARE,DISCOUNT_AMOUNT,FINAL_FARE,RATING) values (167,100012,3000008,12,'38 Longview Point','1705 Moose Center',to_date('15-feb-22 12:00:01','dd-mon-yy hh:mi:ss'),to_date('15-feb-22 10:13:18','dd-mon-yy hh:mi:ss'),to_date('15-feb-22 10:21:48','dd-mon-yy hh:mi:ss'),13,null,13,1);
Insert into RIDE (RIDE_ID,DRIVER_ID,RIDER_ID,VEHICLE_ID,PICKUP_ADDRESS,DROPOFF_ADDRESS,REQUEST_DATETIME,START_DATETIME,END_DATETIME,INITIAL_FARE,DISCOUNT_AMOUNT,FINAL_FARE,RATING) values (168,100029,3000002,29,'698 Warrior Road','8 Linden Center',to_date('15-feb-22 12:00:01','dd-mon-yy hh:mi:ss'),to_date('15-feb-22 04:44:44','dd-mon-yy hh:mi:ss'),to_date('15-feb-22 04:56:08','dd-mon-yy hh:mi:ss'),7,null,7,4);
Insert into RIDE (RIDE_ID,DRIVER_ID,RIDER_ID,VEHICLE_ID,PICKUP_ADDRESS,DROPOFF_ADDRESS,REQUEST_DATETIME,START_DATETIME,END_DATETIME,INITIAL_FARE,DISCOUNT_AMOUNT,FINAL_FARE,RATING) values (169,100012,3000019,12,'35 Gale Hill','8127 Cody Pass',to_date('15-feb-22 12:00:01','dd-mon-yy hh:mi:ss'),to_date('15-feb-22 08:28:27','dd-mon-yy hh:mi:ss'),to_date('15-feb-22 08:38:21','dd-mon-yy hh:mi:ss'),10,null,10,4);
Insert into RIDE (RIDE_ID,DRIVER_ID,RIDER_ID,VEHICLE_ID,PICKUP_ADDRESS,DROPOFF_ADDRESS,REQUEST_DATETIME,START_DATETIME,END_DATETIME,INITIAL_FARE,DISCOUNT_AMOUNT,FINAL_FARE,RATING) values (170,100022,3000044,22,'5 Texas Center','30 Crescent Oaks Terrace',to_date('15-feb-22 12:00:01','dd-mon-yy hh:mi:ss'),to_date('15-feb-22 07:52:56','dd-mon-yy hh:mi:ss'),to_date('15-feb-22 08:05:08','dd-mon-yy hh:mi:ss'),11,null,11,4);
Insert into RIDE (RIDE_ID,DRIVER_ID,RIDER_ID,VEHICLE_ID,PICKUP_ADDRESS,DROPOFF_ADDRESS,REQUEST_DATETIME,START_DATETIME,END_DATETIME,INITIAL_FARE,DISCOUNT_AMOUNT,FINAL_FARE,RATING) values (171,100029,3000045,29,'447 Sutherland Junction','54 Sommers Park',to_date('15-feb-22 12:00:01','dd-mon-yy hh:mi:ss'),to_date('15-feb-22 02:36:20','dd-mon-yy hh:mi:ss'),to_date('15-feb-22 02:50:08','dd-mon-yy hh:mi:ss'),8,null,8,5);
Insert into RIDE (RIDE_ID,DRIVER_ID,RIDER_ID,VEHICLE_ID,PICKUP_ADDRESS,DROPOFF_ADDRESS,REQUEST_DATETIME,START_DATETIME,END_DATETIME,INITIAL_FARE,DISCOUNT_AMOUNT,FINAL_FARE,RATING) values (172,100008,3000057,8,'5736 Melody Parkway','055 Pennsylvania Crossing',to_date('15-feb-22 12:00:01','dd-mon-yy hh:mi:ss'),to_date('15-feb-22 01:13:37','dd-mon-yy hh:mi:ss'),to_date('15-feb-22 01:26:25','dd-mon-yy hh:mi:ss'),19,null,19,4);

Insert into RIDE (RIDE_ID,DRIVER_ID,RIDER_ID,VEHICLE_ID,PICKUP_ADDRESS,DROPOFF_ADDRESS,REQUEST_DATETIME,START_DATETIME,END_DATETIME,INITIAL_FARE,DISCOUNT_AMOUNT,FINAL_FARE,RATING) values (173,100003,3000042,3,'1 Washington Alley','5 Florence Road',to_date('15-feb-22 12:00:01','dd-mon-yy hh:mi:ss'),to_date('15-feb-22 11:57:23','dd-mon-yy hh:mi:ss'),to_date('15-feb-22 12:06:05','dd-mon-yy hh:mi:ss'),6,null,6,5);
Insert into RIDE (RIDE_ID,DRIVER_ID,RIDER_ID,VEHICLE_ID,PICKUP_ADDRESS,DROPOFF_ADDRESS,REQUEST_DATETIME,START_DATETIME,END_DATETIME,INITIAL_FARE,DISCOUNT_AMOUNT,FINAL_FARE,RATING) values (174,100002,3000043,2,'997 Mandrake Road','8 Carpenter Park',to_date('16-feb-22 12:00:01','dd-mon-yy hh:mi:ss'),to_date('16-feb-22 06:28:59','dd-mon-yy hh:mi:ss'),to_date('16-feb-22 06:49:53','dd-mon-yy hh:mi:ss'),8,null,8,5);
Insert into RIDE (RIDE_ID,DRIVER_ID,RIDER_ID,VEHICLE_ID,PICKUP_ADDRESS,DROPOFF_ADDRESS,REQUEST_DATETIME,START_DATETIME,END_DATETIME,INITIAL_FARE,DISCOUNT_AMOUNT,FINAL_FARE,RATING) values (175,100027,3000041,27,'63129 Ridgeway Trail','7 Bluestem Place',to_date('16-feb-22 12:00:01','dd-mon-yy hh:mi:ss'),to_date('16-feb-22 01:21:37','dd-mon-yy hh:mi:ss'),to_date('16-feb-22 01:36:07','dd-mon-yy hh:mi:ss'),20,null,20,5);
Insert into RIDE (RIDE_ID,DRIVER_ID,RIDER_ID,VEHICLE_ID,PICKUP_ADDRESS,DROPOFF_ADDRESS,REQUEST_DATETIME,START_DATETIME,END_DATETIME,INITIAL_FARE,DISCOUNT_AMOUNT,FINAL_FARE,RATING) values (176,100007,3000025,7,'63103 Buhler Court','4348 Spenser Trail',to_date('17-feb-22 12:00:01','dd-mon-yy hh:mi:ss'),to_date('17-feb-22 11:18:29','dd-mon-yy hh:mi:ss'),to_date('17-feb-22 11:26:23','dd-mon-yy hh:mi:ss'),6,null,6,4);
Insert into RIDE (RIDE_ID,DRIVER_ID,RIDER_ID,VEHICLE_ID,PICKUP_ADDRESS,DROPOFF_ADDRESS,REQUEST_DATETIME,START_DATETIME,END_DATETIME,INITIAL_FARE,DISCOUNT_AMOUNT,FINAL_FARE,RATING) values (177,100016,3000003,16,'70 Blaine Lane','63129 Ridgeway Trail',to_date('17-feb-22 12:00:01','dd-mon-yy hh:mi:ss'),to_date('17-feb-22 02:20:38','dd-mon-yy hh:mi:ss'),to_date('17-feb-22 02:40:08','dd-mon-yy hh:mi:ss'),10,10,0,5);
Insert into RIDE (RIDE_ID,DRIVER_ID,RIDER_ID,VEHICLE_ID,PICKUP_ADDRESS,DROPOFF_ADDRESS,REQUEST_DATETIME,START_DATETIME,END_DATETIME,INITIAL_FARE,DISCOUNT_AMOUNT,FINAL_FARE,RATING) values (178,100023,3000026,23,'09721 Lerdahl Drive','3 Rockefeller Street',to_date('17-feb-22 12:00:01','dd-mon-yy hh:mi:ss'),to_date('17-feb-22 07:30:13','dd-mon-yy hh:mi:ss'),to_date('17-feb-22 07:40:19','dd-mon-yy hh:mi:ss'),13,null,13,4);
Insert into RIDE (RIDE_ID,DRIVER_ID,RIDER_ID,VEHICLE_ID,PICKUP_ADDRESS,DROPOFF_ADDRESS,REQUEST_DATETIME,START_DATETIME,END_DATETIME,INITIAL_FARE,DISCOUNT_AMOUNT,FINAL_FARE,RATING) values (179,100031,3000032,31,'2076 Mayer Circle','6 Hazelcrest Parkway',to_date('18-feb-22 12:00:01','dd-mon-yy hh:mi:ss'),to_date('18-feb-22 11:28:50','dd-mon-yy hh:mi:ss'),to_date('18-feb-22 11:49:38','dd-mon-yy hh:mi:ss'),5,null,5,4);
Insert into RIDE (RIDE_ID,DRIVER_ID,RIDER_ID,VEHICLE_ID,PICKUP_ADDRESS,DROPOFF_ADDRESS,REQUEST_DATETIME,START_DATETIME,END_DATETIME,INITIAL_FARE,DISCOUNT_AMOUNT,FINAL_FARE,RATING) values (180,100032,3000042,32,'66 Daystar Court','1 Washington Alley',to_date('19-feb-22 12:00:01','dd-mon-yy hh:mi:ss'),to_date('19-feb-22 05:25:27','dd-mon-yy hh:mi:ss'),to_date('19-feb-22 05:31:15','dd-mon-yy hh:mi:ss'),18,null,18,4);
Insert into RIDE (RIDE_ID,DRIVER_ID,RIDER_ID,VEHICLE_ID,PICKUP_ADDRESS,DROPOFF_ADDRESS,REQUEST_DATETIME,START_DATETIME,END_DATETIME,INITIAL_FARE,DISCOUNT_AMOUNT,FINAL_FARE,RATING) values (181,100006,3000047,6,'09960 Esker Road','122 Debra Way',to_date('19-feb-22 12:00:01','dd-mon-yy hh:mi:ss'),to_date('19-feb-22 12:37:12','dd-mon-yy hh:mi:ss'),to_date('19-feb-22 12:48:48','dd-mon-yy hh:mi:ss'),13,null,13,4);
Insert into RIDE (RIDE_ID,DRIVER_ID,RIDER_ID,VEHICLE_ID,PICKUP_ADDRESS,DROPOFF_ADDRESS,REQUEST_DATETIME,START_DATETIME,END_DATETIME,INITIAL_FARE,DISCOUNT_AMOUNT,FINAL_FARE,RATING) values (182,100011,3000022,11,'979 Artisan Park','6 Cody Terrace',to_date('20-feb-22 12:00:01','dd-mon-yy hh:mi:ss'),to_date('20-feb-22 02:49:33','dd-mon-yy hh:mi:ss'),to_date('20-feb-22 03:07:09','dd-mon-yy hh:mi:ss'),5,2.5,2.5,2);
Insert into RIDE (RIDE_ID,DRIVER_ID,RIDER_ID,VEHICLE_ID,PICKUP_ADDRESS,DROPOFF_ADDRESS,REQUEST_DATETIME,START_DATETIME,END_DATETIME,INITIAL_FARE,DISCOUNT_AMOUNT,FINAL_FARE,RATING) values (183,100033,3000013,1,'24 Oxford Pass','8 Harper Road',to_date('20-feb-22 12:00:01','dd-mon-yy hh:mi:ss'),to_date('20-feb-22 02:58:43','dd-mon-yy hh:mi:ss'),to_date('20-feb-22 03:22:31','dd-mon-yy hh:mi:ss'),12,null,12,4);
Insert into RIDE (RIDE_ID,DRIVER_ID,RIDER_ID,VEHICLE_ID,PICKUP_ADDRESS,DROPOFF_ADDRESS,REQUEST_DATETIME,START_DATETIME,END_DATETIME,INITIAL_FARE,DISCOUNT_AMOUNT,FINAL_FARE,RATING) values (184,100018,3000048,18,'11 Prairie Rose Way','1709 Homewood Trail',to_date('20-feb-22 12:00:01','dd-mon-yy hh:mi:ss'),to_date('20-feb-22 02:40:15','dd-mon-yy hh:mi:ss'),to_date('20-feb-22 03:02:57','dd-mon-yy hh:mi:ss'),6,null,6,4);
Insert into RIDE (RIDE_ID,DRIVER_ID,RIDER_ID,VEHICLE_ID,PICKUP_ADDRESS,DROPOFF_ADDRESS,REQUEST_DATETIME,START_DATETIME,END_DATETIME,INITIAL_FARE,DISCOUNT_AMOUNT,FINAL_FARE,RATING) values (185,100015,3000004,15,'75285 Columbus Court','0396 Lindbergh Pass',to_date('21-feb-22 12:00:01','dd-mon-yy hh:mi:ss'),to_date('21-feb-22 08:51:26','dd-mon-yy hh:mi:ss'),to_date('21-feb-22 09:16:44','dd-mon-yy hh:mi:ss'),8,null,8,4);
Insert into RIDE (RIDE_ID,DRIVER_ID,RIDER_ID,VEHICLE_ID,PICKUP_ADDRESS,DROPOFF_ADDRESS,REQUEST_DATETIME,START_DATETIME,END_DATETIME,INITIAL_FARE,DISCOUNT_AMOUNT,FINAL_FARE,RATING) values (186,100031,3000036,31,'09756 Bashford Point','85588 Graceland Plaza',to_date('21-feb-22 12:00:01','dd-mon-yy hh:mi:ss'),to_date('21-feb-22 07:42:30','dd-mon-yy hh:mi:ss'),to_date('21-feb-22 07:49:54','dd-mon-yy hh:mi:ss'),8,null,8,5);
Insert into RIDE (RIDE_ID,DRIVER_ID,RIDER_ID,VEHICLE_ID,PICKUP_ADDRESS,DROPOFF_ADDRESS,REQUEST_DATETIME,START_DATETIME,END_DATETIME,INITIAL_FARE,DISCOUNT_AMOUNT,FINAL_FARE,RATING) values (187,100016,3000064,16,'025 Toban Drive','9906 Tomscot Road',to_date('21-feb-22 12:00:01','dd-mon-yy hh:mi:ss'),to_date('21-feb-22 10:10:26','dd-mon-yy hh:mi:ss'),to_date('21-feb-22 10:30:44','dd-mon-yy hh:mi:ss'),12,null,12,5);
Insert into RIDE (RIDE_ID,DRIVER_ID,RIDER_ID,VEHICLE_ID,PICKUP_ADDRESS,DROPOFF_ADDRESS,REQUEST_DATETIME,START_DATETIME,END_DATETIME,INITIAL_FARE,DISCOUNT_AMOUNT,FINAL_FARE,RATING) values (188,100022,3000070,22,'7787 Annamark Drive','6795 Graedel Street',to_date('21-feb-22 12:00:01','dd-mon-yy hh:mi:ss'),to_date('21-feb-22 03:15:50','dd-mon-yy hh:mi:ss'),to_date('21-feb-22 03:38:32','dd-mon-yy hh:mi:ss'),18,null,18,5);

Insert into RIDE (RIDE_ID,DRIVER_ID,RIDER_ID,VEHICLE_ID,PICKUP_ADDRESS,DROPOFF_ADDRESS,REQUEST_DATETIME,START_DATETIME,END_DATETIME,INITIAL_FARE,DISCOUNT_AMOUNT,FINAL_FARE,RATING) values (189,100028,3000058,28,'8 Carpenter Park','91 Anderson Lane',to_date('22-feb-22 12:00:01','dd-mon-yy hh:mi:ss'),to_date('22-feb-22 10:31:12','dd-mon-yy hh:mi:ss'),to_date('22-feb-22 10:40:54','dd-mon-yy hh:mi:ss'),13,null,13,5);
Insert into RIDE (RIDE_ID,DRIVER_ID,RIDER_ID,VEHICLE_ID,PICKUP_ADDRESS,DROPOFF_ADDRESS,REQUEST_DATETIME,START_DATETIME,END_DATETIME,INITIAL_FARE,DISCOUNT_AMOUNT,FINAL_FARE,RATING) values (190,100033,3000048,1,'7787 Annamark Drive','56 Holmberg Trail',to_date('23-feb-22 12:00:01','dd-mon-yy hh:mi:ss'),to_date('23-feb-22 06:59:39','dd-mon-yy hh:mi:ss'),to_date('23-feb-22 07:20:51','dd-mon-yy hh:mi:ss'),9,null,9,4);
Insert into RIDE (RIDE_ID,DRIVER_ID,RIDER_ID,VEHICLE_ID,PICKUP_ADDRESS,DROPOFF_ADDRESS,REQUEST_DATETIME,START_DATETIME,END_DATETIME,INITIAL_FARE,DISCOUNT_AMOUNT,FINAL_FARE,RATING) values (191,100023,3000074,23,'30890 Dottie Pass','8 Carpenter Park',to_date('23-feb-22 12:00:01','dd-mon-yy hh:mi:ss'),to_date('23-feb-22 12:21:15','dd-mon-yy hh:mi:ss'),to_date('23-feb-22 12:45:09','dd-mon-yy hh:mi:ss'),12,null,12,4);
Insert into RIDE (RIDE_ID,DRIVER_ID,RIDER_ID,VEHICLE_ID,PICKUP_ADDRESS,DROPOFF_ADDRESS,REQUEST_DATETIME,START_DATETIME,END_DATETIME,INITIAL_FARE,DISCOUNT_AMOUNT,FINAL_FARE,RATING) values (192,100029,3000065,29,'84 Troy Court','039 Delladonna Parkway',to_date('23-feb-22 12:00:01','dd-mon-yy hh:mi:ss'),to_date('23-feb-22 05:45:28','dd-mon-yy hh:mi:ss'),to_date('23-feb-22 05:58:10','dd-mon-yy hh:mi:ss'),16,null,16,5);
Insert into RIDE (RIDE_ID,DRIVER_ID,RIDER_ID,VEHICLE_ID,PICKUP_ADDRESS,DROPOFF_ADDRESS,REQUEST_DATETIME,START_DATETIME,END_DATETIME,INITIAL_FARE,DISCOUNT_AMOUNT,FINAL_FARE,RATING) values (193,100014,3000058,14,'8 Carpenter Park','75285 Columbus Court',to_date('23-feb-22 12:00:01','dd-mon-yy hh:mi:ss'),to_date('23-feb-22 05:55:15','dd-mon-yy hh:mi:ss'),to_date('23-feb-22 06:13:03','dd-mon-yy hh:mi:ss'),15,null,15,4);
Insert into RIDE (RIDE_ID,DRIVER_ID,RIDER_ID,VEHICLE_ID,PICKUP_ADDRESS,DROPOFF_ADDRESS,REQUEST_DATETIME,START_DATETIME,END_DATETIME,INITIAL_FARE,DISCOUNT_AMOUNT,FINAL_FARE,RATING) values (194,100020,3000063,11,'8097 Marquette Plaza','294 Dennis Parkway',to_date('24-feb-22 12:00:01','dd-mon-yy hh:mi:ss'),to_date('24-feb-22 05:47:35','dd-mon-yy hh:mi:ss'),to_date('24-feb-22 06:08:29','dd-mon-yy hh:mi:ss'),19,null,19,4);
Insert into RIDE (RIDE_ID,DRIVER_ID,RIDER_ID,VEHICLE_ID,PICKUP_ADDRESS,DROPOFF_ADDRESS,REQUEST_DATETIME,START_DATETIME,END_DATETIME,INITIAL_FARE,DISCOUNT_AMOUNT,FINAL_FARE,RATING) values (195,100004,3000072,4,'70 Blaine Lane','4348 Spenser Trail',to_date('25-feb-22 12:00:01','dd-mon-yy hh:mi:ss'),to_date('25-feb-22 03:37:41','dd-mon-yy hh:mi:ss'),to_date('25-feb-22 03:49:05','dd-mon-yy hh:mi:ss'),12,null,12,3);
Insert into RIDE (RIDE_ID,DRIVER_ID,RIDER_ID,VEHICLE_ID,PICKUP_ADDRESS,DROPOFF_ADDRESS,REQUEST_DATETIME,START_DATETIME,END_DATETIME,INITIAL_FARE,DISCOUNT_AMOUNT,FINAL_FARE,RATING) values (196,100025,3000014,25,'24 Oxford Pass','09960 Esker Road',to_date('25-feb-22 12:00:01','dd-mon-yy hh:mi:ss'),to_date('25-feb-22 01:22:51','dd-mon-yy hh:mi:ss'),to_date('25-feb-22 01:34:15','dd-mon-yy hh:mi:ss'),5,2.5,2.5,5);
Insert into RIDE (RIDE_ID,DRIVER_ID,RIDER_ID,VEHICLE_ID,PICKUP_ADDRESS,DROPOFF_ADDRESS,REQUEST_DATETIME,START_DATETIME,END_DATETIME,INITIAL_FARE,DISCOUNT_AMOUNT,FINAL_FARE,RATING) values (197,100006,3000027,6,'67 Valley Edge Pass','22068 Mesta Circle',to_date('25-feb-22 12:00:01','dd-mon-yy hh:mi:ss'),to_date('25-feb-22 08:42:18','dd-mon-yy hh:mi:ss'),to_date('25-feb-22 09:08:06','dd-mon-yy hh:mi:ss'),11,null,11,5);
Insert into RIDE (RIDE_ID,DRIVER_ID,RIDER_ID,VEHICLE_ID,PICKUP_ADDRESS,DROPOFF_ADDRESS,REQUEST_DATETIME,START_DATETIME,END_DATETIME,INITIAL_FARE,DISCOUNT_AMOUNT,FINAL_FARE,RATING) values (198,100021,3000072,21,'8 Carpenter Park','63903 Chive Drive',to_date('25-feb-22 12:00:01','dd-mon-yy hh:mi:ss'),to_date('25-feb-22 09:21:50','dd-mon-yy hh:mi:ss'),to_date('25-feb-22 09:37:14','dd-mon-yy hh:mi:ss'),11,null,11,4);
Insert into RIDE (RIDE_ID,DRIVER_ID,RIDER_ID,VEHICLE_ID,PICKUP_ADDRESS,DROPOFF_ADDRESS,REQUEST_DATETIME,START_DATETIME,END_DATETIME,INITIAL_FARE,DISCOUNT_AMOUNT,FINAL_FARE,RATING) values (199,100014,3000034,14,'8 Carpenter Park','023 Fair Oaks Point',to_date('25-feb-22 12:00:01','dd-mon-yy hh:mi:ss'),to_date('25-feb-22 12:26:11','dd-mon-yy hh:mi:ss'),to_date('25-feb-22 12:51:53','dd-mon-yy hh:mi:ss'),19,null,19,5);
Insert into RIDE (RIDE_ID,DRIVER_ID,RIDER_ID,VEHICLE_ID,PICKUP_ADDRESS,DROPOFF_ADDRESS,REQUEST_DATETIME,START_DATETIME,END_DATETIME,INITIAL_FARE,DISCOUNT_AMOUNT,FINAL_FARE,RATING) values (200,100029,3000025,29,'2 Holmberg Pass','48 Cordelia Hill',to_date('27-feb-22 12:00:01','dd-mon-yy hh:mi:ss'),to_date('27-feb-22 03:49:27','dd-mon-yy hh:mi:ss'),to_date('27-feb-22 04:09:57','dd-mon-yy hh:mi:ss'),14,null,14,5);
Insert into RIDE (RIDE_ID,DRIVER_ID,RIDER_ID,VEHICLE_ID,PICKUP_ADDRESS,DROPOFF_ADDRESS,REQUEST_DATETIME,START_DATETIME,END_DATETIME,INITIAL_FARE,DISCOUNT_AMOUNT,FINAL_FARE,RATING) values (201,100010,3000053,10,'53 Evergreen Pass','45773 Twin Pines Plaza',to_date('27-feb-22 12:00:01','dd-mon-yy hh:mi:ss'),to_date('27-feb-22 04:21:33','dd-mon-yy hh:mi:ss'),to_date('27-feb-22 04:39:03','dd-mon-yy hh:mi:ss'),19,null,19,4);
Insert into RIDE (RIDE_ID,DRIVER_ID,RIDER_ID,VEHICLE_ID,PICKUP_ADDRESS,DROPOFF_ADDRESS,REQUEST_DATETIME,START_DATETIME,END_DATETIME,INITIAL_FARE,DISCOUNT_AMOUNT,FINAL_FARE,RATING) values (202,100014,3000003,14,'75285 Columbus Court','8 Dakota Court',to_date('27-feb-22 12:00:01','dd-mon-yy hh:mi:ss'),to_date('27-feb-22 01:57:42','dd-mon-yy hh:mi:ss'),to_date('27-feb-22 02:19:12','dd-mon-yy hh:mi:ss'),16,16,0,4);

COMMIT;



 


-- Jane Doe - jd1234
-- CREATE INDEXES section
CREATE INDEX Ride_Driver_ID_ix
    ON Ride (Driver_ID);
    
CREATE INDEX Ride_Rider_ID_ix
    ON Ride (Rider_ID);
    
CREATE INDEX Ride_Vehicle_ID_ix
    ON Ride (Vehicle_ID);
    
CREATE INDEX Discounts_Rider_ID_ix
    ON Discounts (Rider_ID);
    
CREATE INDEX Payment_Rider_ID_ix
    ON Rider_Payment (Rider_ID);
    
CREATE INDEX Driver_Phone_ix
    ON Driver (Phone);
    
CREATE INDEX Rider_Phone_ix
    ON Rider (Phone);
      